rank,prev_rank,name,league,off,def,spi
1,1,Manchester City,Barclays Premier League,2.9,0.2,93.71
2,2,Barcelona,Spanish Primera Division,3.29,0.47,92.29
3,3,Bayern Munich,German Bundesliga,3.25,0.61,90.29
4,4,Chelsea,Barclays Premier League,2.28,0.2,89.35
5,6,Liverpool,Barclays Premier League,2.54,0.4,87.84
6,5,Manchester United,Barclays Premier League,2.43,0.35,87.83
7,7,Real Madrid,Spanish Primera Division,2.5,0.39,87.82
8,9,RB Leipzig,German Bundesliga,2.38,0.43,85.81
9,8,Internazionale,Italy Serie A,2.53,0.52,85.57
10,14,Atalanta,Italy Serie A,2.45,0.57,83.61
11,16,Paris Saint-Germain,French Ligue 1,2.53,0.63,83.36
12,11,Atletico Madrid,Spanish Primera Division,2.14,0.42,83.22
13,13,Juventus,Italy Serie A,2.44,0.59,83.21
14,12,Arsenal,Barclays Premier League,2.27,0.5,83.13
15,10,Real Sociedad,Spanish Primera Division,2.18,0.46,82.77
16,17,Ajax,Dutch Eredivisie,2.84,0.88,82.39
17,15,Borussia Dortmund,German Bundesliga,2.53,0.69,82.24
18,20,Tottenham Hotspur,Barclays Premier League,2.21,0.57,80.81
19,18,Sevilla FC,Spanish Primera Division,2.06,0.48,80.81
20,19,VfL Wolfsburg,German Bundesliga,2.12,0.53,80.41
21,22,Villarreal,Spanish Primera Division,2.11,0.57,79.33
22,21,Leicester City,Barclays Premier League,2.07,0.55,79.29
23,29,Brighton and Hove Albion,Barclays Premier League,1.98,0.55,77.96
24,24,AS Roma,Italy Serie A,2.17,0.67,77.87
25,31,Napoli,Italy Serie A,2.16,0.68,77.78
26,23,Eintracht Frankfurt,German Bundesliga,2.35,0.81,77.58
27,26,West Ham United,Barclays Premier League,2.13,0.67,77.45
28,28,FC Salzburg,Austrian T-Mobile Bundesliga,2.73,1.08,77.27
29,32,Real Betis,Spanish Primera Division,2.05,0.63,77.11
30,25,Lyon,French Ligue 1,2.15,0.7,77.08
31,34,AC Milan,Italy Serie A,2.16,0.72,76.77
32,27,Bayer Leverkusen,German Bundesliga,2.21,0.77,76.41
33,37,AS Monaco,French Ligue 1,2.11,0.71,76.23
34,33,Athletic Bilbao,Spanish Primera Division,1.89,0.56,76.2
35,35,Benfica,Portuguese Liga,2.07,0.7,75.81
36,30,Lille,French Ligue 1,1.7,0.46,75.62
37,40,Borussia Monchengladbach,German Bundesliga,2.14,0.76,75.58
38,36,FC Porto,Portuguese Liga,2.1,0.77,74.6
39,41,Zenit St Petersburg,Russian Premier Liga,2.22,0.88,74.08
40,39,Aston Villa,Barclays Premier League,1.91,0.69,73.41
41,43,Lazio,Italy Serie A,2.1,0.83,73.27
42,42,Flamengo,Brasileiro Série A,2.09,0.83,73.13
43,44,Wolverhampton,Barclays Premier League,1.77,0.61,73.01
44,38,TSG Hoffenheim,German Bundesliga,2.21,0.95,72.43
45,45,Celta Vigo,Spanish Primera Division,1.92,0.74,72.38
46,46,Club Brugge,Belgian Jupiler League,1.94,0.77,72.01
47,47,Everton,Barclays Premier League,1.89,0.76,71.52
48,50,Leeds United,Barclays Premier League,2.06,0.88,71.46
49,51,1. FC Union Berlin,German Bundesliga,1.85,0.74,71.13
50,48,Shakhtar Donetsk,UEFA Europa League,2.17,0.99,70.89
51,49,Fulham,Barclays Premier League,1.7,0.64,70.82
52,54,Olympiacos,Greek Super League,1.9,0.8,70.51
53,52,VfB Stuttgart,German Bundesliga,2.09,0.96,70.11
54,53,Southampton,Barclays Premier League,1.86,0.79,70.1
55,56,Eibar,Spanish Primera Division,1.73,0.71,69.53
56,58,Osasuna,Spanish Primera Division,1.65,0.67,69.2
57,55,Sporting CP,Portuguese Liga,1.61,0.64,69.15
58,59,Getafe,Spanish Primera Division,1.54,0.61,68.34
59,60,PSV,Dutch Eredivisie,2.15,1.11,67.96
60,70,Mainz,German Bundesliga,1.92,0.93,67.91
61,64,Hertha Berlin,German Bundesliga,1.8,0.83,67.82
62,57,Rangers,Scottish Premiership,1.86,0.89,67.71
63,62,Burnley,Barclays Premier League,1.7,0.77,67.57
64,63,Valencia,Spanish Primera Division,1.79,0.86,67.03
65,61,Young Boys,Swiss Raiffeisen Super League,2.04,1.06,66.95
66,68,Slavia Prague,UEFA Europa League,1.89,0.95,66.89
67,67,Dinamo Zagreb,UEFA Europa League,1.95,1.0,66.73
68,69,SC Freiburg,German Bundesliga,1.87,0.94,66.69
69,77,Spartak Moscow,Russian Premier Liga,1.88,0.98,65.82
70,72,Udinese,Italy Serie A,1.64,0.8,65.75
71,71,River Plate,Argentina Primera Division,1.74,0.88,65.48
72,65,Levante,Spanish Primera Division,1.83,0.96,65.46
73,66,Granada,Spanish Primera Division,1.62,0.8,65.2
74,78,Stade Rennes,French Ligue 1,1.53,0.74,65.0
75,79,SD Huesca,Spanish Primera Division,1.71,0.88,64.98
76,86,Norwich City,English League Championship,1.74,0.93,64.43
77,83,Alavés,Spanish Primera Division,1.63,0.84,64.4
78,73,Besiktas,Turkish Turkcell Super Lig,1.93,1.1,64.25
79,80,Strasbourg,French Ligue 1,1.66,0.89,63.72
80,81,Lens,French Ligue 1,1.75,0.96,63.66
81,82,AZ,Dutch Eredivisie,2.03,1.21,63.52
82,85,Internacional,Brasileiro Série A,1.57,0.83,63.35
83,76,Fiorentina,Italy Serie A,1.74,0.97,63.25
84,98,Watford,English League Championship,1.64,0.93,62.52
85,84,Sassuolo,Italy Serie A,1.94,1.18,62.49
86,95,Brentford,English League Championship,1.7,0.98,62.32
87,91,CSKA Moscow,Russian Premier Liga,1.67,0.96,62.25
88,74,Braga,Portuguese Liga,1.72,1.0,62.24
89,87,Newcastle,Barclays Premier League,1.61,0.91,62.23
90,94,Werder Bremen,German Bundesliga,1.67,0.97,62.02
91,96,Guangzhou Evergrande,Chinese Super League,1.87,1.15,61.79
92,97,Bodo/Glimt,Norwegian Tippeligaen,2.33,1.55,61.76
93,92,Dynamo Kiev,UEFA Europa League,1.77,1.07,61.74
94,90,Verona,Italy Serie A,1.6,0.92,61.69
95,88,FC Krasnodar,Russian Premier Liga,1.87,1.16,61.52
96,75,Galatasaray,Turkish Turkcell Super Lig,1.86,1.15,61.43
97,99,Real Valladolid,Spanish Primera Division,1.56,0.9,61.35
98,107,Torino,Italy Serie A,1.72,1.04,61.29
99,116,Kawasaki Frontale,Japanese J League,1.86,1.16,61.25
100,100,Atletico Mineiro,Brasileiro Série A,1.64,0.97,61.23
101,106,FC Cologne,German Bundesliga,1.71,1.03,61.16
102,93,LASK Linz,Austrian T-Mobile Bundesliga,1.74,1.06,61.08
103,102,Crystal Palace,Barclays Premier League,1.61,0.96,60.87
104,103,PAOK Salonika,Greek Super League,1.47,0.85,60.57
105,104,Bragantino,Brasileiro Série A,1.5,0.88,60.56
106,108,Boca Juniors,Argentina Primera Division,1.47,0.87,60.25
107,89,Marseille,French Ligue 1,1.49,0.88,60.22
108,109,Cadiz,Spanish Primera Division,1.56,0.95,60.14
109,111,Bologna,Italy Serie A,1.76,1.13,59.99
110,101,Feyenoord,Dutch Eredivisie,1.86,1.22,59.85
111,117,Lokomotiv Moscow,Russian Premier Liga,1.54,0.95,59.81
112,110,Monterrey,Mexican Primera Division Torneo Clausura,1.59,0.99,59.77
113,113,Sampdoria,Italy Serie A,1.61,1.02,59.42
114,140,FC Midtjylland,Danish SAS-Ligaen,1.61,1.02,59.4
115,115,Club América,Mexican Primera Division Torneo Clausura,1.47,0.9,59.27
116,114,Palmeiras,Brasileiro Série A,1.42,0.86,59.26
117,112,FC Augsburg,German Bundesliga,1.6,1.04,58.86
118,122,Celtic,Scottish Premiership,1.68,1.12,58.61
119,105,St Etienne,French Ligue 1,1.46,0.92,58.6
120,129,Montpellier,French Ligue 1,1.76,1.19,58.55
121,144,Sochi,Russian Premier Liga,1.55,1.01,58.5
122,121,São Paulo,Brasileiro Série A,1.47,0.93,58.49
123,124,Shanghai SIPG,Chinese Super League,1.69,1.13,58.37
124,125,Beijing Guoan,Chinese Super League,1.76,1.21,58.34
125,126,Sheffield United,Barclays Premier League,1.52,0.99,58.3
126,123,Rapid Vienna,Austrian T-Mobile Bundesliga,1.76,1.21,58.18
127,128,Angers,French Ligue 1,1.35,0.83,58.16
128,120,Arminia Bielefeld,German Bundesliga,1.59,1.07,57.9
129,154,Nice,French Ligue 1,1.58,1.07,57.52
130,130,AEK Athens,Greek Super League,1.52,1.02,57.39
131,152,Espanyol,Spanish Segunda Division,1.49,1.0,57.32
132,119,Metz,French Ligue 1,1.42,0.93,57.31
133,118,Spezia,Italy Serie A,1.65,1.15,57.25
134,138,Fenerbahce,Turkish Turkcell Super Lig,1.66,1.16,57.1
135,133,West Bromwich Albion,Barclays Premier League,1.55,1.06,57.07
136,134,Grêmio,Brasileiro Série A,1.5,1.02,57.02
137,145,Molde,Norwegian Tippeligaen,2.05,1.52,56.98
138,127,Bordeaux,French Ligue 1,1.43,0.96,56.95
139,131,Brest,French Ligue 1,1.64,1.16,56.9
140,135,Sparta Prague,UEFA Europa League,1.74,1.25,56.89
141,148,Cagliari,Italy Serie A,1.61,1.13,56.85
142,139,Elche,Spanish Primera Division,1.54,1.06,56.83
143,137,Red Star Belgrade,UEFA Europa League,1.77,1.28,56.79
144,136,Nantes,French Ligue 1,1.44,0.98,56.73
145,157,AFC Bournemouth,English League Championship,1.59,1.12,56.66
146,142,Parma,Italy Serie A,1.65,1.19,56.38
147,168,Rostov,Russian Premier Liga,1.42,0.99,56.15
148,143,Malmo FF,Swedish Allsvenskan,1.73,1.27,56.09
149,158,Dinamo Moscow,Russian Premier Liga,1.42,0.99,55.92
150,151,Reims,French Ligue 1,1.31,0.89,55.86
151,149,Maccabi Tel-Aviv,UEFA Europa League,1.43,1.01,55.6
152,132,Cruz Azul,Mexican Primera Division Torneo Clausura,1.5,1.08,55.56
153,146,Genoa,Italy Serie A,1.45,1.03,55.54
154,160,Trabzonspor,Turkish Turkcell Super Lig,1.47,1.06,55.45
155,162,FC Utrecht,Dutch Eredivisie,1.77,1.34,55.34
156,153,Basel,Swiss Raiffeisen Super League,1.79,1.37,55.15
157,155,Lorient,French Ligue 1,1.46,1.06,55.09
158,150,Barnsley,English League Championship,1.37,0.98,55.01
159,147,Cardiff City,English League Championship,1.5,1.12,54.62
160,156,Tigres UANL,Mexican Primera Division Torneo Clausura,1.44,1.07,54.46
161,159,Fluminense,Brasileiro Série A,1.32,0.95,54.39
162,161,Ferencvaros,UEFA Champions League,1.62,1.26,53.98
163,141,Rubin Kazan,Russian Premier Liga,1.32,0.97,53.93
164,188,Antwerp,Belgian Jupiler League,1.61,1.27,53.52
165,165,Velez Sarsfield,Argentina Primera Division,1.22,0.9,53.34
166,166,Hapoel Be'er,UEFA Europa League,1.62,1.29,53.32
167,167,Santos,Brasileiro Série A,1.39,1.07,53.14
168,176,Stoke City,English League Championship,1.33,1.02,53.06
169,164,Brondby,Danish SAS-Ligaen,1.5,1.19,52.94
170,171,CSKA Sofia,UEFA Europa League,1.32,1.02,52.77
171,163,Alanyaspor,Turkish Turkcell Super Lig,1.49,1.19,52.67
172,190,Anderlecht,Belgian Jupiler League,1.33,1.06,52.1
173,172,Genk,Belgian Jupiler League,1.73,1.45,51.98
174,175,Atlético Paranaense,Brasileiro Série A,1.22,0.95,51.92
175,180,Middlesbrough,English League Championship,1.33,1.06,51.92
176,177,Defensa y Justicia,Argentina Primera Division,1.28,1.02,51.81
177,178,Corinthians,Brasileiro Série A,1.3,1.04,51.6
178,170,Clermont Foot,French Ligue 2,1.28,1.04,51.5
179,169,Toulouse,French Ligue 2,1.54,1.29,51.4
180,193,Benevento,Italy Serie A,1.46,1.22,51.33
181,179,Jiangsu Suning FC,Chinese Super League,1.5,1.26,51.28
182,183,Ceará,Brasileiro Série A,1.37,1.14,51.02
183,198,Nimes,French Ligue 1,1.44,1.22,50.99
184,184,Los Angeles FC,Major League Soccer,1.78,1.55,50.97
185,185,Philadelphia Union,Major League Soccer,1.6,1.38,50.91
186,174,Reading,English League Championship,1.3,1.08,50.82
187,186,CFR 1907 Cluj,UEFA Europa League,1.47,1.25,50.79
188,192,Guimaraes,Portuguese Liga,1.37,1.15,50.74
189,182,AGF Aarhus,Danish SAS-Ligaen,1.4,1.19,50.69
190,187,New York City FC,Major League Soccer,1.67,1.46,50.69
191,195,Blackburn,English League Championship,1.33,1.12,50.68
192,194,Ludogorets,UEFA Europa League,1.54,1.35,50.16
193,204,Pacos Ferreira,Portuguese Liga,1.27,1.09,50.0
194,196,Lech Poznan,UEFA Europa League,1.34,1.16,49.84
195,197,Shandong Luneng,Chinese Super League,1.6,1.43,49.81
196,181,Swansea City,English League Championship,1.26,1.08,49.75
197,189,FC Copenhagen,Danish SAS-Ligaen,1.6,1.44,49.58
198,199,CA Independiente,Argentina Primera Division,1.2,1.04,49.46
199,173,KAA Gent,Belgian Jupiler League,1.35,1.19,49.36
200,222,FC Khimki,Russian Premier Liga,1.39,1.23,49.35
201,202,Millwall,English League Championship,1.25,1.09,49.27
202,219,Wolfsberger AC,Austrian T-Mobile Bundesliga,1.67,1.54,49.06
203,203,Bahía,Brasileiro Série A,1.37,1.23,48.98
204,215,León,Mexican Primera Division Torneo Clausura,1.41,1.27,48.93
205,191,Vitesse,Dutch Eredivisie,1.5,1.37,48.83
206,206,Newell's Old Boys,Argentina Primera Division,1.24,1.11,48.58
207,209,Queens Park Rangers,English League Championship,1.38,1.26,48.56
208,212,Hamburg SV,German 2. Bundesliga,1.45,1.33,48.53
209,201,Mallorca,Spanish Segunda Division,1.13,1.0,48.46
210,207,Racing Club,Argentina Primera Division,1.18,1.06,48.4
211,200,Santos Laguna,Mexican Primera Division Torneo Clausura,1.32,1.21,48.19
212,210,Seattle Sounders FC,Major League Soccer,1.43,1.33,48.14
213,208,SK Sturm Graz,Austrian T-Mobile Bundesliga,1.35,1.24,48.13
214,214,Rio Ave,Portuguese Liga,1.16,1.04,48.09
215,211,Santa Clara,Portuguese Liga,1.25,1.15,47.92
216,213,FK Qarabag,UEFA Europa League,1.32,1.23,47.77
217,228,Atlas,Mexican Primera Division Torneo Clausura,1.22,1.12,47.76
218,231,Sivasspor,Turkish Turkcell Super Lig,1.35,1.27,47.59
219,216,Panathinaikos,Greek Super League,1.08,0.98,47.54
220,217,Portimonense,Portuguese Liga,1.22,1.14,47.37
221,205,Schalke 04,German Bundesliga,1.42,1.36,47.36
222,221,Pachuca,Mexican Primera Division Torneo Clausura,1.28,1.22,47.02
223,218,Rotherham United,English League Championship,1.33,1.28,46.69
224,223,St Gallen,Swiss Raiffeisen Super League,1.5,1.46,46.65
225,225,Derby County,English League Championship,1.06,1.01,46.33
226,227,Gazisehir Gaziantep,Turkish Turkcell Super Lig,1.28,1.27,45.82
227,236,Standard Liege,Belgian Jupiler League,1.43,1.43,45.75
228,229,Lanus,Argentina Primera Division,1.28,1.27,45.68
229,230,Atlético Goianiense,Brasileiro Série A,1.2,1.19,45.65
230,224,Crotone,Italy Serie A,1.51,1.53,45.48
231,242,KV Oostende,Belgian Jupiler League,1.34,1.35,45.46
232,234,Fortaleza,Brasileiro Série A,1.13,1.12,45.45
233,233,Yokohama F. Marinos,Japanese J League,1.55,1.58,45.44
234,235,Omonia Nicosia,UEFA Europa League,1.41,1.43,45.33
235,220,Almeria,Spanish Segunda Division,1.22,1.24,45.14
236,237,New England Revolution,Major League Soccer,1.4,1.43,45.11
237,238,Hatayspor,Turkish Turkcell Super Lig,1.39,1.43,44.94
238,239,FC Zorya Luhansk,UEFA Europa League,1.27,1.29,44.92
239,241,Talleres de Córdoba,Argentina Primera Division,1.21,1.23,44.82
240,277,Famalicao,Portuguese Liga,1.15,1.18,44.74
241,240,Dijon FCO,French Ligue 1,1.2,1.24,44.67
242,245,FC Nordsjaelland,Danish SAS-Ligaen,1.42,1.48,44.57
243,243,Sporting de Charleroi,Belgian Jupiler League,1.31,1.36,44.5
244,226,Nottingham Forest,English League Championship,1.07,1.1,44.32
245,252,FC Twente,Dutch Eredivisie,1.34,1.41,44.2
246,262,SC Farense,Portuguese Liga,1.2,1.25,44.16
247,246,Djurgardens IF,Swedish Allsvenskan,1.3,1.37,44.07
248,247,Huddersfield Town,English League Championship,1.21,1.27,44.03
249,232,Ural Sverdlovsk Oblast,Russian Premier Liga,1.15,1.22,43.85
250,249,Aris Salonika,Greek Super League,1.32,1.4,43.8
251,299,Luton Town,English League Championship,1.13,1.2,43.79
252,250,Guadalajara,Mexican Primera Division Torneo Clausura,1.28,1.36,43.75
253,251,FC Lugano,Swiss Raiffeisen Super League,1.19,1.26,43.7
254,257,Gil Vicente,Portuguese Liga,1.14,1.23,43.38
255,254,FC Luzern,Swiss Raiffeisen Super League,1.4,1.52,43.29
256,272,Terek Grozny,Russian Premier Liga,1.06,1.14,43.06
257,308,Rayo Vallecano,Spanish Segunda Division,1.22,1.34,42.9
258,258,Argentinos Juniors,Argentina Primera Division,1.0,1.08,42.87
259,259,Rosario Central,Argentina Primera Division,1.15,1.27,42.73
260,261,Estudiantes,Argentina Primera Division,1.0,1.1,42.6
261,275,Sparta,Dutch Eredivisie,1.35,1.5,42.53
262,248,FK Austria Vienna,Austrian T-Mobile Bundesliga,1.31,1.46,42.5
263,263,FC Zurich,Swiss Raiffeisen Super League,1.42,1.59,42.29
264,266,Portland Timbers,Major League Soccer,1.47,1.65,42.13
265,296,VfL Bochum,German 2. Bundesliga,1.25,1.41,42.11
266,282,Melbourne City,Australian A-League,1.4,1.58,42.07
267,255,Heracles,Dutch Eredivisie,1.25,1.41,42.01
268,244,Leganes,Spanish Segunda Division,1.05,1.18,41.95
269,291,Tijuana,Mexican Primera Division Torneo Clausura,1.19,1.34,41.95
270,302,Randers FC,Danish SAS-Ligaen,1.16,1.31,41.93
271,276,SpVgg Greuther Fürth,German 2. Bundesliga,1.28,1.45,41.81
272,269,Arsenal Sarandi,Argentina Primera Division,1.28,1.45,41.78
273,301,Puebla,Mexican Primera Division Torneo Clausura,1.14,1.29,41.75
274,317,Nagoya Grampus Eight,Japanese J League,1.01,1.14,41.74
275,267,Sporting Gijón,Spanish Segunda Division,0.93,1.05,41.73
276,274,Rosenborg,Norwegian Tippeligaen,1.34,1.53,41.66
277,268,KV Mechelen,Belgian Jupiler League,1.34,1.53,41.57
278,279,WSG Swarovski Wattens,Austrian T-Mobile Bundesliga,1.41,1.62,41.55
279,253,Preston North End,English League Championship,1.07,1.22,41.49
280,278,Tianjin Teda,Chinese Super League,1.28,1.47,41.44
281,270,Belenenses,Portuguese Liga,0.94,1.07,41.38
282,281,Botafogo,Brasileiro Série A,1.22,1.4,41.35
283,256,Boavista,Portuguese Liga,1.1,1.27,41.35
284,283,Sporting Kansas City,Major League Soccer,1.36,1.57,41.31
285,327,Fatih Karagümrük,Turkish Turkcell Super Lig,1.24,1.44,41.29
286,284,Atlético Tucumán,Argentina Primera Division,1.07,1.24,41.23
287,285,Chicago Fire,Major League Soccer,1.48,1.72,41.16
288,286,Vasco da Gama,Brasileiro Série A,1.08,1.26,41.12
289,287,Minnesota United FC,Major League Soccer,1.42,1.65,41.11
290,288,Hannover 96,German 2. Bundesliga,1.19,1.39,41.05
291,271,Hull City,English League One,1.2,1.39,41.05
292,289,Dundalk,UEFA Europa League,1.48,1.72,41.02
293,293,San Lorenzo,Argentina Primera Division,1.14,1.33,40.96
294,297,Columbus Crew,Major League Soccer,1.28,1.5,40.81
295,265,FC Groningen,Dutch Eredivisie,1.19,1.4,40.73
296,298,Holstein Kiel,German 2. Bundesliga,1.21,1.42,40.64
297,273,Fortuna Düsseldorf,German 2. Bundesliga,1.21,1.43,40.64
298,290,Cerezo Osaka,Japanese J League,1.08,1.28,40.58
299,300,Orlando City SC,Major League Soccer,1.32,1.56,40.56
300,260,Coventry City,English League Championship,1.07,1.27,40.54
301,303,Inter Miami CF,Major League Soccer,1.28,1.51,40.49
302,305,Sport Recife,Brasileiro Série A,1.05,1.25,40.35
303,306,Patronato,Argentina Primera Division,1.2,1.43,40.35
304,307,Gimnasia La Plata,Argentina Primera Division,0.98,1.17,40.3
305,328,Birmingham,English League Championship,1.05,1.25,40.29
306,310,Pumas Unam,Mexican Primera Division Torneo Clausura,1.04,1.25,40.2
307,309,IFK Norrkoping,Swedish Allsvenskan,1.53,1.82,40.17
308,311,Istanbul Basaksehir,Turkish Turkcell Super Lig,1.22,1.47,40.1
309,292,Moreirense,Portuguese Liga,1.1,1.33,39.96
310,322,OH Leuven,Belgian Jupiler League,1.4,1.68,39.95
311,314,Colorado Rapids,Major League Soccer,1.37,1.65,39.89
312,315,Slovan Liberec,UEFA Europa League,1.19,1.44,39.87
313,313,Tondela,Portuguese Liga,1.13,1.37,39.82
314,318,Goiás,Brasileiro Série A,1.17,1.43,39.68
315,319,Toronto FC,Major League Soccer,1.29,1.57,39.67
316,320,Banfield,Argentina Primera Division,0.98,1.2,39.66
317,264,Kashima Antlers,Japanese J League,1.2,1.47,39.63
318,336,Konyaspor,Turkish Turkcell Super Lig,1.12,1.37,39.59
319,321,Rijeka,UEFA Europa League,1.28,1.56,39.55
320,323,Arizona United,United Soccer League,1.48,1.8,39.5
321,325,FC Dallas,Major League Soccer,1.27,1.55,39.47
322,294,SV Zulte Waregem,Belgian Jupiler League,1.42,1.73,39.46
323,326,Servette,Swiss Raiffeisen Super League,1.2,1.48,39.3
324,359,Lecce,Italy Serie B,1.25,1.54,39.28
325,295,Troyes,French Ligue 2,1.14,1.41,39.24
326,280,Maritimo,Portuguese Liga,1.09,1.35,39.23
327,304,Goztepe,Turkish Turkcell Super Lig,1.28,1.58,39.22
328,329,Union Santa Fe,Argentina Primera Division,1.0,1.25,39.16
329,331,Asteras Tripolis,Greek Super League,1.04,1.3,39.02
330,312,Toluca,Mexican Primera Division Torneo Clausura,1.21,1.51,39.01
331,333,BK Hacken,Swedish Allsvenskan,1.07,1.34,38.97
332,334,New York Red Bulls,Major League Soccer,1.3,1.63,38.83
333,345,Empoli,Italy Serie B,1.17,1.47,38.81
334,356,Sheffield Wednesday,English League Championship,1.03,1.3,38.77
335,332,Auxerre,French Ligue 2,1.1,1.38,38.73
336,330,C.D. Nacional,Portuguese Liga,1.09,1.38,38.71
337,335,Shanghai Greenland,Chinese Super League,1.34,1.68,38.68
338,340,Henan Jianye,Chinese Super League,1.25,1.57,38.55
339,339,SC Paderborn,German 2. Bundesliga,1.19,1.51,38.4
340,316,FC Arsenal Tula,Russian Premier Liga,1.09,1.39,38.37
341,362,Eupen,Belgian Jupiler League,1.2,1.53,38.27
342,342,FC Sion,Swiss Raiffeisen Super League,1.2,1.54,38.25
343,343,Hebei China Fortune FC,Chinese Super League,1.29,1.65,38.14
344,346,Sunderland,English League One,1.06,1.37,38.09
345,344,Mamelodi Sundowns,South African ABSA Premier League,0.98,1.26,38.09
346,324,Fortuna Sittard,Dutch Eredivisie,1.26,1.61,38.07
347,348,Huracán,Argentina Primera Division,0.95,1.24,37.93
348,358,Necaxa,Mexican Primera Division Torneo Clausura,1.13,1.46,37.92
349,350,Hammarby,Swedish Allsvenskan,1.48,1.89,37.89
350,347,Atlético San Luis,Mexican Primera Division Torneo Clausura,1.14,1.48,37.82
351,352,Valerenga,Norwegian Tippeligaen,1.18,1.53,37.74
352,338,Heerenveen,Dutch Eredivisie,1.37,1.76,37.69
353,353,Wuhan Zall,Chinese Super League,1.17,1.53,37.62
354,341,FC Ufa,Russian Premier Liga,0.85,1.13,37.62
355,382,Odense BK,Danish SAS-Ligaen,1.05,1.38,37.6
356,372,Vissel Kobe,Japanese J League,1.35,1.75,37.52
357,355,Atlanta United FC,Major League Soccer,1.11,1.46,37.41
358,357,Atromitos,Greek Super League,1.0,1.33,37.25
359,360,Central Córdoba Santiago del Estero,Argentina Primera Division,1.0,1.34,37.16
360,377,Karlsruher SC,German 2. Bundesliga,1.17,1.56,37.13
361,363,KFCO Beerschot-Wilrijk,Belgian Jupiler League,1.34,1.76,37.03
362,365,Lausanne Sports,Swiss Raiffeisen Super League,1.14,1.53,36.93
363,366,Nashville SC,Major League Soccer,0.99,1.33,36.92
364,392,Sochaux,French Ligue 2,0.91,1.24,36.82
365,378,AS Nancy Lorraine,French Ligue 2,1.13,1.53,36.67
366,369,Dalian Aerbin,Chinese Super League,1.29,1.73,36.66
367,419,Caykur Rizespor,Turkish Turkcell Super Lig,1.2,1.62,36.53
368,361,Wycombe Wanderers,English League Championship,1.08,1.47,36.52
369,371,Kaizer Chiefs,South African ABSA Premier League,1.01,1.39,36.44
370,337,AaB,Danish SAS-Ligaen,1.05,1.44,36.43
371,398,Sanfrecce Hiroshima,Japanese J League,1.0,1.37,36.42
372,386,Antalyaspor,Turkish Turkcell Super Lig,0.95,1.32,36.41
373,368,Hartberg,Austrian T-Mobile Bundesliga,1.23,1.66,36.4
374,375,Houston Dynamo,Major League Soccer,1.28,1.73,36.3
375,376,St. Truidense,Belgian Jupiler League,1.08,1.49,36.21
376,354,KV Kortrijk,Belgian Jupiler League,1.17,1.6,36.17
377,373,PEC Zwolle,Dutch Eredivisie,1.21,1.65,36.16
378,349,Grenoble,French Ligue 2,0.9,1.26,36.16
379,406,Amiens,French Ligue 2,0.88,1.24,36.03
380,370,1. FC Heidenheim 1846,German 2. Bundesliga,1.11,1.54,35.98
381,367,Querétaro,Mexican Primera Division Torneo Clausura,1.09,1.5,35.95
382,380,Tenerife,Spanish Segunda Division,0.86,1.22,35.84
383,396,Girona FC,Spanish Segunda Division,0.85,1.21,35.8
384,415,Fuenlabrada,Spanish Segunda Division,0.91,1.3,35.72
385,379,San Jose Earthquakes,Major League Soccer,1.29,1.78,35.71
386,405,Paris FC,French Ligue 2,0.98,1.38,35.69
387,387,Real Oviedo,Spanish Segunda Division,0.95,1.36,35.44
388,385,IF Elfsborg,Swedish Allsvenskan,1.2,1.68,35.41
389,391,Yeni Malatyaspor,Turkish Turkcell Super Lig,1.15,1.62,35.38
390,383,Mazatlán FC,Mexican Primera Division Torneo Clausura,0.99,1.43,35.19
391,390,Coritiba,Brasileiro Série A,0.97,1.4,35.13
392,351,Monza,Italy Serie B,1.0,1.44,34.96
393,395,OFI Crete,Greek Super League,1.06,1.52,34.85
394,401,St. Pölten,Austrian T-Mobile Bundesliga,1.23,1.74,34.79
395,393,Hibernian,Scottish Premiership,1.0,1.45,34.79
396,397,Chongqing Lifan,Chinese Super League,1.08,1.56,34.78
397,384,Bristol City,English League Championship,1.09,1.57,34.71
398,411,SD Ponferradina,Spanish Segunda Division,0.92,1.36,34.7
399,417,Willem II,Dutch Eredivisie,1.28,1.82,34.6
400,381,Kasimpasa,Turkish Turkcell Super Lig,1.15,1.67,34.5
401,389,SV Darmstadt 98,German 2. Bundesliga,1.23,1.76,34.45
402,399,Viking FK,Norwegian Tippeligaen,1.35,1.92,34.4
403,400,FC Tokyo,Japanese J League,1.1,1.61,34.39
404,394,FC St. Pauli,German 2. Bundesliga,1.19,1.71,34.36
405,402,Los Angeles Galaxy,Major League Soccer,1.27,1.83,34.26
406,388,Ankaragucu,Turkish Turkcell Super Lig,1.15,1.68,34.18
407,364,FK Volgograd,Russian Premier Liga,0.89,1.35,34.06
408,403,Gamba Osaka,Japanese J League,1.03,1.53,34.05
409,404,Sydney FC,Australian A-League,1.11,1.64,33.99
410,407,Guangzhou RF,Chinese Super League,1.44,2.07,33.73
411,408,Orlando Pirates,South African ABSA Premier League,0.98,1.48,33.73
412,409,Real Salt Lake,Major League Soccer,1.0,1.51,33.64
413,410,Aldosivi,Argentina Primera Division,0.86,1.33,33.63
414,374,Kashiwa Reysol,Japanese J League,1.06,1.6,33.54
415,412,Tianjin Quanujian,Chinese Super League,1.16,1.73,33.51
416,416,AIK,Swedish Allsvenskan,0.87,1.36,33.28
417,413,Sonderjyske,Danish SAS-Ligaen,1.08,1.63,33.28
418,418,Kristiansund BK,Norwegian Tippeligaen,1.27,1.88,33.18
419,420,Málaga,Spanish Segunda Division,0.78,1.25,32.89
420,421,Shenzhen FC,Chinese Super League,1.19,1.81,32.64
421,414,FC Juárez,Mexican Primera Division Torneo Clausura,1.03,1.61,32.57
422,423,Louisville City FC,United Soccer League,1.08,1.69,32.24
423,439,RKC,Dutch Eredivisie,1.08,1.7,32.1
424,436,Emmen,Dutch Eredivisie,1.07,1.69,32.08
425,425,Mjallby,Swedish Allsvenskan,1.17,1.82,32.08
426,422,Peterborough United,English League One,1.03,1.64,31.91
427,440,1. FC Nürnberg,German 2. Bundesliga,1.01,1.64,31.59
428,427,Jahn Regensburg,German 2. Bundesliga,0.98,1.6,31.41
429,431,Reno 1868 FC,United Soccer League,1.27,2.0,31.38
430,424,Mirandes,Spanish Segunda Division,0.87,1.46,31.34
431,430,Cercle Brugge,Belgian Jupiler League,0.95,1.57,31.33
432,435,Castellon,Spanish Segunda Division,0.88,1.49,31.13
433,428,Lugo,Spanish Segunda Division,0.79,1.36,31.13
434,438,IFK Goteborg,Swedish Allsvenskan,0.93,1.56,30.77
435,429,Las Palmas,Spanish Segunda Division,0.9,1.53,30.69
436,443,Shimizu S-Pulse,Japanese J League,1.09,1.8,30.68
437,434,SV Sandhausen,German 2. Bundesliga,1.02,1.7,30.62
438,442,Rodez,French Ligue 2,0.8,1.4,30.53
439,432,Mouscron-Peruwelz,Belgian Jupiler League,0.91,1.56,30.37
440,451,Real Zaragoza,Spanish Segunda Division,0.73,1.32,30.24
441,445,Tampa Bay Rowdies,United Soccer League,0.96,1.64,30.21
442,447,Montreal Impact,Major League Soccer,1.13,1.88,30.18
443,426,Kayserispor,Turkish Turkcell Super Lig,0.86,1.51,30.11
444,448,Panetolikos,Greek Super League,0.86,1.51,30.07
445,484,F.B.C Unione Venezia,Italy Serie B,0.93,1.62,30.06
446,449,Colon Santa Fe,Argentina Primera Division,0.83,1.48,29.95
447,453,Cremonese,Italy Serie B,0.88,1.55,29.94
448,437,Cittadella,Italy Serie B,0.86,1.52,29.77
449,444,Chievo Verona,Italy Serie B,0.8,1.44,29.76
450,450,Godoy Cruz,Argentina Primera Division,0.94,1.64,29.76
451,452,Livingston,Scottish Premiership,0.95,1.66,29.66
452,454,SuperSport United,South African ABSA Premier League,0.81,1.46,29.64
453,489,Adelaide United,Australian A-League,1.22,2.04,29.46
454,457,Odd BK,Norwegian Tippeligaen,1.18,1.99,29.43
455,456,Consadole Sapporo,Japanese J League,1.01,1.77,29.28
456,495,Western Sydney FC,Australian A-League,1.14,1.94,29.23
457,467,Cashpoint SC Rheindorf Altach,Austrian T-Mobile Bundesliga,0.95,1.7,29.04
458,459,Guingamp,French Ligue 2,0.92,1.65,28.96
459,461,Pittsburgh Riverhounds,United Soccer League,0.91,1.64,28.95
460,477,Sagan Tosu,Japanese J League,0.79,1.47,28.93
461,433,FC Tambov,Russian Premier Liga,0.9,1.63,28.9
462,458,Western United,Australian A-League,1.11,1.94,28.69
463,465,FC Vaduz,Swiss Raiffeisen Super League,0.88,1.62,28.65
464,466,Stabaek,Norwegian Tippeligaen,0.95,1.72,28.65
465,470,Bidvest Wits,South African ABSA Premier League,0.74,1.44,28.42
466,476,CD Sabadell,Spanish Segunda Division,0.76,1.47,28.24
467,441,Vejle,Danish SAS-Ligaen,0.92,1.71,28.24
468,446,AD Alcorcon,Spanish Segunda Division,0.68,1.34,28.23
469,471,Larissa,Greek Super League,0.7,1.38,28.18
470,483,Lyngby,Danish SAS-Ligaen,1.01,1.84,28.15
471,475,St Johnstone,Scottish Premiership,0.81,1.54,28.15
472,480,Valenciennes,French Ligue 2,0.89,1.66,28.11
473,472,Orebro SK,Swedish Allsvenskan,0.97,1.79,28.06
474,474,Varbergs BoIS FC,Swedish Allsvenskan,0.99,1.82,28.0
475,479,VVV Venlo,Dutch Eredivisie,1.17,2.07,27.98
476,478,San Antonio FC,United Soccer League,1.03,1.88,27.84
477,487,Genclerbirligi,Turkish Turkcell Super Lig,0.9,1.7,27.75
478,462,Aberdeen,Scottish Premiership,0.67,1.36,27.73
479,455,Perth Glory,Australian A-League,1.1,1.99,27.7
480,468,Erzurumspor,Turkish Turkcell Super Lig,0.88,1.68,27.65
481,481,Lamia,Greek Super League,0.55,1.18,27.53
482,473,Wellington Phoenix,Australian A-League,1.08,1.97,27.52
483,460,FC Cartagena,Spanish Segunda Division,0.87,1.68,27.41
484,464,Brescia,Italy Serie B,0.95,1.8,27.23
485,485,DC United,Major League Soccer,1.02,1.91,27.15
486,503,Salernitana,Italy Serie B,0.74,1.51,26.97
487,486,Denizlispor,Turkish Turkcell Super Lig,0.84,1.67,26.86
488,491,Guizhou Renhe,Chinese Super League,0.94,1.82,26.81
489,507,Blackpool,English League One,0.7,1.46,26.77
490,496,Erzgebirge Aue,German 2. Bundesliga,0.9,1.76,26.76
491,463,Spal,Italy Serie B,0.82,1.64,26.65
492,488,SV Ried,Austrian T-Mobile Bundesliga,0.94,1.83,26.54
493,493,Waasland-Beveren,Belgian Jupiler League,0.98,1.9,26.38
494,522,Gillingham,English League One,0.93,1.83,26.31
495,516,Pisa,Italy Serie B,0.81,1.66,26.19
496,494,Frosinone,Italy Serie B,0.77,1.6,26.16
497,514,Pau,French Ligue 2,0.8,1.66,25.96
498,501,Oxford United,English League One,0.78,1.62,25.94
499,469,Urawa Red Diamonds,Japanese J League,0.83,1.7,25.94
500,517,Albacete,Spanish Segunda Division,0.61,1.37,25.81
501,499,FC Xanthi,Greek Super League,0.58,1.33,25.81
502,500,Haugesund,Norwegian Tippeligaen,0.98,1.94,25.79
503,509,Eintracht Braunschweig,German 2. Bundesliga,0.75,1.6,25.6
504,492,AC Ajaccio,French Ligue 2,0.66,1.47,25.58
505,506,Le Havre,French Ligue 2,0.63,1.43,25.52
506,482,Caen,French Ligue 2,0.79,1.68,25.45
507,508,FC Trenkwalder Admira,Austrian T-Mobile Bundesliga,0.94,1.92,25.24
508,490,Doncaster Rovers,English League One,0.91,1.88,25.19
509,497,Central Coast Mariners,Australian A-League,0.97,1.97,25.12
510,513,St Mirren,Scottish Premiership,0.65,1.51,24.75
511,515,Portsmouth,English League One,0.82,1.77,24.62
512,504,Pordenone Calcio,Italy Serie B,0.68,1.55,24.57
513,525,Macarthur FC,Australian A-League,0.86,1.85,24.49
514,532,Niort,French Ligue 2,0.8,1.76,24.32
515,505,Reggina,Italy Serie B,0.69,1.59,24.29
516,520,Black Aces,South African ABSA Premier League,0.81,1.78,24.28
517,511,Würzburger Kickers,German 2. Bundesliga,0.85,1.86,24.12
518,502,Lincoln City,English League One,0.83,1.82,24.11
519,512,AC Horsens,Danish SAS-Ligaen,0.73,1.68,24.07
520,521,Maritzburg Utd,South African ABSA Premier League,0.56,1.39,24.05
521,498,Newcastle Jets,Australian A-League,0.87,1.9,23.89
522,518,VfL Osnabruck,German 2. Bundesliga,0.78,1.76,23.83
523,526,SK Brann,Norwegian Tippeligaen,0.87,1.91,23.79
524,527,Sacramento Republic FC,United Soccer League,0.8,1.8,23.75
525,528,FC Cincinnati,Major League Soccer,0.75,1.72,23.73
526,529,IK Sirius,Swedish Allsvenskan,0.94,2.02,23.7
527,538,Dundee Utd,Scottish Premiership,0.73,1.69,23.69
528,530,Brisbane Roar,Australian A-League,0.8,1.8,23.67
529,519,ADO Den Haag,Dutch Eredivisie,0.91,1.98,23.56
530,531,Vicenza,Italy Serie B,0.71,1.67,23.51
531,524,Fleetwood Town,English League One,0.6,1.49,23.48
532,533,Helsingborgs IF,Swedish Allsvenskan,0.83,1.88,23.31
533,535,Vancouver Whitecaps,Major League Soccer,0.84,1.9,23.13
534,536,New Mexico United,United Soccer League,0.81,1.88,22.97
535,544,Milton Keynes Dons,English League One,0.91,2.03,22.88
536,510,Motherwell,Scottish Premiership,0.82,1.9,22.77
537,541,Bloem Celtic,South African ABSA Premier League,0.8,1.9,22.37
538,540,Tokushima Vortis,Japanese J League,0.71,1.75,22.37
539,542,Sarpsborg,Norwegian Tippeligaen,0.68,1.72,22.04
540,543,Stromsgodset,Norwegian Tippeligaen,0.96,2.17,22.01
541,523,Ipswich Town,English League One,0.61,1.61,21.96
542,534,Logrones,Spanish Segunda Division,0.61,1.6,21.93
543,545,Orange County SC,United Soccer League,0.77,1.88,21.91
544,546,El Paso Locomotive FC,United Soccer League,0.66,1.7,21.89
545,537,Dunkerque,French Ligue 2,0.62,1.63,21.85
546,547,Panionios,Greek Super League,0.51,1.45,21.84
547,549,Charlton Athletic,English League One,0.83,1.98,21.74
548,548,Austin Bold FC,United Soccer League,0.94,2.16,21.69
549,550,Charleston Battery,United Soccer League,0.74,1.86,21.6
550,539,Oita Trinita,Japanese J League,0.65,1.7,21.59
551,569,Kilmarnock,Scottish Premiership,0.71,1.83,21.32
552,551,Volos NFC,Greek Super League,0.65,1.73,21.22
553,552,San Diego Loyal SC,United Soccer League,0.7,1.82,21.09
554,559,Avispa Fukuoka,Japanese J League,0.79,1.97,21.0
555,555,Shrewsbury Town,English League One,0.64,1.73,20.91
556,553,Melbourne Victory,Australian A-League,0.92,2.2,20.74
557,554,Indy Eleven,United Soccer League,0.68,1.84,20.5
558,558,Shonan Bellmare,Japanese J League,0.66,1.79,20.49
559,557,Hamilton Academical,Scottish Premiership,0.72,1.9,20.31
560,565,Ascoli,Italy Serie B,0.6,1.72,20.16
561,567,Chambly Thelle FC,French Ligue 2,0.74,1.97,20.1
562,556,Burton Albion,English League One,0.8,2.06,20.03
563,563,Chateauroux,French Ligue 2,0.64,1.81,19.95
564,560,Birmingham Legion FC,United Soccer League,0.84,2.15,19.81
565,562,Accrington Stanley,English League One,0.75,2.01,19.7
566,561,Cosenza,Italy Serie B,0.61,1.78,19.64
567,566,Sandefjord,Norwegian Tippeligaen,0.6,1.78,19.39
568,564,Exeter City,English League Two,0.73,2.03,19.04
569,568,Highlands Park FC,South African ABSA Premier League,0.57,1.75,18.95
570,570,Miami FC,United Soccer League,0.83,2.25,18.46
571,572,Vegalta Sendai,Japanese J League,0.71,2.05,18.33
572,571,Falkenbergs FF,Swedish Allsvenskan,0.74,2.11,18.32
573,573,Kalmar FF,Swedish Allsvenskan,0.6,1.86,18.23
574,575,Saint Louis FC,United Soccer League,0.64,1.94,18.03
575,576,Östersunds FK,Swedish Allsvenskan,0.65,1.97,17.92
576,577,IK Start,Norwegian Tippeligaen,0.67,2.04,17.68
577,574,US Pescara,Italy Serie B,0.51,1.74,17.54
578,579,Golden Arrows,South African ABSA Premier League,0.43,1.63,17.14
579,584,Plymouth Argyle,English League One,0.67,2.08,17.12
580,580,Mjondalen,Norwegian Tippeligaen,0.55,1.86,17.02
581,585,Crewe Alexandra,English League One,0.6,1.96,16.96
582,581,Charlotte Independence,United Soccer League,0.66,2.09,16.87
583,583,North Carolina FC,United Soccer League,0.65,2.09,16.69
584,586,Bolton,English League Two,0.57,1.94,16.63
585,582,Ross County,Scottish Premiership,0.64,2.08,16.41
586,588,LA Galaxy II,United Soccer League,0.84,2.45,16.26
587,578,Virtus Entella,Italy Serie B,0.52,1.87,16.23
588,597,Swindon Town,English League One,0.7,2.21,16.2
589,589,Tranmere Rovers,English League Two,0.56,1.97,15.94
590,591,Polokwane City FC,South African ABSA Premier League,0.47,1.84,15.52
591,590,Cheltenham Town,English League Two,0.45,1.8,15.51
592,592,Tulsa Roughnecks,United Soccer League,0.62,2.14,15.51
593,596,Reggiana,Italy Serie B,0.51,1.92,15.45
594,595,Memphis 901 FC,United Soccer League,0.74,2.37,15.25
595,602,Rochdale,English League One,0.69,2.33,14.83
596,594,Wigan,English League One,0.62,2.22,14.55
597,593,Yokohama FC,Japanese J League,0.58,2.16,14.4
598,587,Salford City,English League Two,0.36,1.74,14.13
599,599,Chippa United,South African ABSA Premier League,0.26,1.54,13.92
600,600,Hartford Athletic,United Soccer League,0.66,2.37,13.84
601,604,Cambridge United,English League Two,0.42,1.9,13.6
602,603,AmaZulu,South African ABSA Premier League,0.31,1.68,13.48
603,608,Morecambe,English League Two,0.55,2.21,13.4
604,606,Real Monarchs SLC,United Soccer League,0.56,2.22,13.33
605,607,Las Vegas Lights FC,United Soccer League,0.67,2.44,13.32
606,598,Forest Green Rovers,English League Two,0.49,2.1,13.26
607,605,Oldham Athletic,English League Two,0.64,2.41,13.04
608,601,Bristol Rovers,English League One,0.48,2.11,12.97
609,610,Baroka FC,South African ABSA Premier League,0.24,1.57,12.84
610,612,Tacoma Defiance,United Soccer League,0.65,2.49,12.51
611,614,Portland Timbers 2,United Soccer League,0.79,2.78,12.37
612,615,Stellenbosch FC,South African ABSA Premier League,0.35,1.89,12.29
613,609,Northampton Town,English League One,0.39,1.98,12.21
614,613,Bradford City,English League Two,0.36,1.95,11.87
615,617,Black Leopards,South African ABSA Premier League,0.39,2.03,11.75
616,616,Crawley Town,English League Two,0.45,2.16,11.74
617,611,Carlisle United,English League Two,0.49,2.27,11.68
618,618,Swope Park Rangers,United Soccer League,0.62,2.56,11.56
619,629,Barrow,English League Two,0.39,2.07,11.45
620,621,Colorado Springs Switchbacks FC,United Soccer League,0.47,2.27,11.15
621,619,Mansfield Town,English League Two,0.45,2.25,11.03
622,622,AFC Wimbledon,English League One,0.4,2.15,10.92
623,623,Stevenage,English League Two,0.2,1.73,10.39
624,624,Aalesund,Norwegian Tippeligaen,0.59,2.64,10.37
625,625,Oklahoma City Energy FC,United Soccer League,0.42,2.3,10.16
626,626,New York Red Bulls II,United Soccer League,0.64,2.79,10.04
627,627,Rio Grande Valley FC Toros,United Soccer League,0.47,2.42,10.01
628,620,Newport County,English League Two,0.27,1.96,9.99
629,630,Port Vale,English League Two,0.38,2.23,9.96
630,628,Atlanta United 2,United Soccer League,0.57,2.67,9.86
631,631,Leyton Orient,English League Two,0.25,2.0,9.27
632,633,Scunthorpe,English League Two,0.25,2.16,8.14
633,632,Harrogate Town,English League Two,0.22,2.08,8.0
634,634,Southend United,English League Two,0.2,2.1,7.58
635,635,Walsall,English League Two,0.23,2.18,7.58
636,636,Colchester United,English League Two,0.2,2.18,7.04
637,637,Loudoun United FC,United Soccer League,0.34,2.65,6.51
638,638,Grimsby Town,English League Two,0.2,2.35,6.1
639,639,Bethlehem Steel FC,United Soccer League,0.41,2.99,5.78
