rank,prev_rank,name,league,off,def,spi
1,1,Manchester City,Barclays Premier League,2.9,0.2,93.71
2,2,Barcelona,Spanish Primera Division,3.15,0.49,91.21
3,3,Bayern Munich,German Bundesliga,3.24,0.61,90.12
4,4,Chelsea,Barclays Premier League,2.28,0.2,89.35
5,7,Liverpool,Barclays Premier League,2.54,0.4,87.84
6,6,Manchester United,Barclays Premier League,2.45,0.36,87.77
7,5,Real Madrid,Spanish Primera Division,2.48,0.38,87.65
8,8,Internazionale,Italy Serie A,2.53,0.52,85.57
9,9,RB Leipzig,German Bundesliga,2.38,0.46,85.19
10,10,Real Sociedad,Spanish Primera Division,2.2,0.39,84.54
11,15,Arsenal,Barclays Premier League,2.26,0.45,83.94
12,12,Juventus,Italy Serie A,2.49,0.58,83.92
13,13,Atletico Madrid,Spanish Primera Division,2.18,0.41,83.75
14,16,Borussia Dortmund,German Bundesliga,2.53,0.66,82.87
15,11,Paris Saint-Germain,French Ligue 1,2.49,0.64,82.79
16,14,Atalanta,Italy Serie A,2.45,0.62,82.73
17,21,Ajax,Dutch Eredivisie,2.8,0.91,81.21
18,17,Sevilla FC,Spanish Primera Division,2.06,0.48,80.72
19,19,VfL Wolfsburg,German Bundesliga,2.12,0.53,80.49
20,18,Tottenham Hotspur,Barclays Premier League,2.23,0.61,80.14
21,28,Leicester City,Barclays Premier League,2.07,0.55,79.29
22,26,Villarreal,Spanish Primera Division,2.1,0.57,79.26
23,23,Eintracht Frankfurt,German Bundesliga,2.28,0.71,78.63
24,22,AS Roma,Italy Serie A,2.2,0.68,78.34
25,27,Lyon,French Ligue 1,2.16,0.68,77.73
26,24,West Ham United,Barclays Premier League,2.08,0.62,77.68
27,20,Bayer Leverkusen,German Bundesliga,2.21,0.72,77.48
28,25,FC Salzburg,Austrian T-Mobile Bundesliga,2.77,1.13,76.96
29,30,Brighton and Hove Albion,Barclays Premier League,1.97,0.59,76.93
30,29,Lille,French Ligue 1,1.71,0.42,76.81
31,31,Napoli,Italy Serie A,2.15,0.71,76.75
32,33,Real Betis,Spanish Primera Division,2.03,0.65,76.21
33,32,Athletic Bilbao,Spanish Primera Division,1.89,0.57,76.09
34,34,AC Milan,Italy Serie A,2.15,0.74,76.06
35,40,Benfica,Portuguese Liga,2.07,0.74,74.89
36,37,FC Porto,Portuguese Liga,2.1,0.77,74.68
37,38,AS Monaco,French Ligue 1,2.05,0.74,74.6
38,35,TSG Hoffenheim,German Bundesliga,2.25,0.88,74.54
39,44,Club Brugge,Belgian Jupiler League,2.02,0.73,74.44
40,36,Aston Villa,Barclays Premier League,1.96,0.68,74.43
41,48,Zenit St Petersburg,Russian Premier Liga,2.22,0.88,74.08
42,39,Borussia Monchengladbach,German Bundesliga,2.12,0.82,74.0
43,41,Lazio,Italy Serie A,2.11,0.83,73.58
44,42,Flamengo,Brasileiro Série A,2.09,0.83,73.13
45,43,Wolverhampton,Barclays Premier League,1.77,0.61,73.01
46,46,Celta Vigo,Spanish Primera Division,1.91,0.72,72.79
47,47,Everton,Barclays Premier League,1.89,0.76,71.52
48,45,Shakhtar Donetsk,UEFA Europa League,2.19,0.98,71.42
49,49,Fulham,Barclays Premier League,1.7,0.62,71.28
50,51,Leeds United,Barclays Premier League,2.04,0.88,71.14
51,53,1. FC Union Berlin,German Bundesliga,1.76,0.69,70.81
52,55,VfB Stuttgart,German Bundesliga,2.1,0.96,70.41
53,54,Southampton,Barclays Premier League,1.86,0.79,70.1
54,50,Olympiacos,Greek Super League,1.9,0.82,70.0
55,59,Sporting CP,Portuguese Liga,1.64,0.65,69.62
56,52,Eibar,Spanish Primera Division,1.73,0.72,69.6
57,58,Rangers,Scottish Premiership,1.94,0.89,69.2
58,56,Osasuna,Spanish Primera Division,1.68,0.7,68.94
59,60,Getafe,Spanish Primera Division,1.53,0.59,68.92
60,61,PSV,Dutch Eredivisie,2.18,1.12,68.04
61,57,Young Boys,Swiss Raiffeisen Super League,2.08,1.06,67.77
62,63,Burnley,Barclays Premier League,1.7,0.77,67.57
63,65,Valencia,Spanish Primera Division,1.77,0.84,67.14
64,62,Hertha Berlin,German Bundesliga,1.75,0.84,66.92
65,68,Levante,Spanish Primera Division,1.85,0.93,66.45
66,72,Granada,Spanish Primera Division,1.64,0.77,66.3
67,64,Dinamo Zagreb,UEFA Europa League,1.95,1.02,66.23
68,67,Slavia Prague,UEFA Europa League,1.89,0.98,66.18
69,66,SC Freiburg,German Bundesliga,1.86,0.95,66.15
70,71,Mainz,German Bundesliga,1.86,0.97,65.85
71,70,River Plate,Argentina Primera Division,1.74,0.88,65.48
72,69,Udinese,Italy Serie A,1.64,0.81,65.41
73,73,Besiktas,Turkish Turkcell Super Lig,1.97,1.1,64.84
74,78,SD Huesca,Spanish Primera Division,1.73,0.91,64.67
75,82,Norwich City,English League Championship,1.75,0.93,64.6
76,91,Galatasaray,Turkish Turkcell Super Lig,1.83,1.01,64.22
77,81,Fiorentina,Italy Serie A,1.74,0.95,64.05
78,86,Spartak Moscow,Russian Premier Liga,1.77,0.97,63.97
79,85,Stade Rennes,French Ligue 1,1.49,0.75,63.87
80,75,Strasbourg,French Ligue 1,1.64,0.87,63.82
81,80,Lens,French Ligue 1,1.73,0.95,63.67
82,87,AZ,Dutch Eredivisie,2.06,1.23,63.67
83,74,Braga,Portuguese Liga,1.79,1.01,63.6
84,77,Alavés,Spanish Primera Division,1.63,0.87,63.47
85,84,Internacional,Brasileiro Série A,1.57,0.83,63.35
86,90,Newcastle,Barclays Premier League,1.64,0.9,63.13
87,102,FC Krasnodar,Russian Premier Liga,1.86,1.09,62.91
88,92,Marseille,French Ligue 1,1.52,0.82,62.74
89,89,Verona,Italy Serie A,1.65,0.92,62.67
90,105,Watford,English League Championship,1.62,0.91,62.53
91,79,Sassuolo,Italy Serie A,1.94,1.18,62.49
92,76,CSKA Moscow,Russian Premier Liga,1.67,0.96,62.25
93,83,Dynamo Kiev,UEFA Europa League,1.8,1.07,62.09
94,108,LASK Linz,Austrian T-Mobile Bundesliga,1.81,1.08,62.07
95,88,Werder Bremen,German Bundesliga,1.67,0.97,61.95
96,93,Guangzhou Evergrande,Chinese Super League,1.87,1.15,61.79
97,95,Bodo/Glimt,Norwegian Tippeligaen,2.33,1.55,61.76
98,97,Brentford,English League Championship,1.67,0.98,61.63
99,109,Real Valladolid,Spanish Primera Division,1.56,0.9,61.39
100,96,Atletico Mineiro,Brasileiro Série A,1.64,0.97,61.23
101,100,Feyenoord,Dutch Eredivisie,1.89,1.2,61.13
102,107,Torino,Italy Serie A,1.75,1.08,60.94
103,99,Crystal Palace,Barclays Premier League,1.61,0.96,60.87
104,104,PAOK Salonika,Greek Super League,1.47,0.85,60.57
105,106,Bragantino,Brasileiro Série A,1.5,0.88,60.56
106,114,St Etienne,French Ligue 1,1.49,0.87,60.52
107,101,FC Cologne,German Bundesliga,1.68,1.04,60.49
108,110,Boca Juniors,Argentina Primera Division,1.47,0.87,60.25
109,112,Cadiz,Spanish Primera Division,1.54,0.93,60.16
110,103,Monterrey,Mexican Primera Division Torneo Clausura,1.59,0.99,59.77
111,113,Bologna,Italy Serie A,1.7,1.09,59.7
112,117,FC Augsburg,German Bundesliga,1.61,1.02,59.43
113,111,Sampdoria,Italy Serie A,1.64,1.05,59.36
114,116,Palmeiras,Brasileiro Série A,1.42,0.86,59.26
115,131,Club América,Mexican Primera Division Torneo Clausura,1.49,0.92,59.09
116,126,Lokomotiv Moscow,Russian Premier Liga,1.55,0.99,59.05
117,124,Spezia,Italy Serie A,1.65,1.09,58.79
118,118,Metz,French Ligue 1,1.43,0.89,58.63
119,128,Arminia Bielefeld,German Bundesliga,1.62,1.06,58.63
120,120,São Paulo,Brasileiro Série A,1.47,0.93,58.49
121,121,Celtic,Scottish Premiership,1.68,1.12,58.48
122,142,Rapid Vienna,Austrian T-Mobile Bundesliga,1.79,1.23,58.45
123,98,Kawasaki Frontale,Japanese J League,1.76,1.2,58.41
124,122,Shanghai SIPG,Chinese Super League,1.69,1.13,58.37
125,123,Beijing Guoan,Chinese Super League,1.76,1.21,58.34
126,94,Sheffield United,Barclays Premier League,1.52,0.99,58.3
127,127,Bordeaux,French Ligue 1,1.42,0.9,58.23
128,119,Angers,French Ligue 1,1.37,0.88,57.55
129,129,Montpellier,French Ligue 1,1.7,1.19,57.47
130,130,AEK Athens,Greek Super League,1.52,1.02,57.39
131,125,Brest,French Ligue 1,1.69,1.19,57.21
132,140,Cruz Azul,Mexican Primera Division Torneo Clausura,1.49,1.0,57.15
133,139,West Bromwich Albion,Barclays Premier League,1.55,1.06,57.07
134,133,Grêmio,Brasileiro Série A,1.5,1.02,57.02
135,135,Sparta Prague,UEFA Europa League,1.74,1.25,56.89
136,157,Nantes,French Ligue 1,1.45,0.98,56.88
137,137,Red Star Belgrade,UEFA Europa League,1.77,1.28,56.79
138,115,Fenerbahce,Turkish Turkcell Super Lig,1.66,1.18,56.71
139,150,AFC Bournemouth,English League Championship,1.59,1.12,56.66
140,147,Elche,Spanish Primera Division,1.51,1.05,56.66
141,136,FC Midtjylland,Danish SAS-Ligaen,1.5,1.04,56.55
142,156,Barnsley,English League Championship,1.4,0.95,56.41
143,163,Rubin Kazan,Russian Premier Liga,1.34,0.9,56.33
144,155,Parma,Italy Serie A,1.63,1.18,56.22
145,162,Rostov,Russian Premier Liga,1.42,0.99,56.15
146,144,Malmo FF,Swedish Allsvenskan,1.73,1.27,56.09
147,132,Sochi,Russian Premier Liga,1.47,1.04,55.96
148,141,Molde,Norwegian Tippeligaen,2.03,1.56,55.93
149,146,Genoa,Italy Serie A,1.44,1.01,55.91
150,151,Cagliari,Italy Serie A,1.56,1.14,55.64
151,149,Maccabi Tel-Aviv,UEFA Europa League,1.43,1.01,55.6
152,145,Reims,French Ligue 1,1.31,0.91,55.5
153,143,Espanyol,Spanish Segunda Division,1.42,1.01,55.41
154,153,Basel,Swiss Raiffeisen Super League,1.79,1.37,55.15
155,134,Cardiff City,English League Championship,1.52,1.12,55.09
156,148,Nice,French Ligue 1,1.51,1.11,55.04
157,160,Lorient,French Ligue 1,1.47,1.08,54.86
158,138,Tigres UANL,Mexican Primera Division Torneo Clausura,1.49,1.1,54.79
159,152,Dinamo Moscow,Russian Premier Liga,1.35,0.98,54.47
160,158,Fluminense,Brasileiro Série A,1.32,0.95,54.39
161,159,Trabzonspor,Turkish Turkcell Super Lig,1.4,1.05,54.11
162,161,Ferencvaros,UEFA Champions League,1.62,1.26,53.98
163,154,FC Utrecht,Dutch Eredivisie,1.76,1.39,53.97
164,192,Alanyaspor,Turkish Turkcell Super Lig,1.54,1.2,53.68
165,188,Brondby,Danish SAS-Ligaen,1.52,1.19,53.35
166,164,Velez Sarsfield,Argentina Primera Division,1.22,0.9,53.34
167,165,Hapoel Be'er,UEFA Europa League,1.62,1.29,53.32
168,166,Santos,Brasileiro Série A,1.39,1.07,53.14
169,179,Toulouse,French Ligue 2,1.6,1.29,52.88
170,167,Clermont Foot,French Ligue 2,1.34,1.04,52.8
171,168,CSKA Sofia,UEFA Europa League,1.32,1.02,52.77
172,170,Stoke City,English League Championship,1.34,1.05,52.55
173,169,Genk,Belgian Jupiler League,1.73,1.43,52.52
174,190,Middlesbrough,English League Championship,1.35,1.08,51.97
175,172,Atlético Paranaense,Brasileiro Série A,1.22,0.95,51.92
176,173,Defensa y Justicia,Argentina Primera Division,1.28,1.02,51.81
177,174,Corinthians,Brasileiro Série A,1.3,1.04,51.6
178,178,Jiangsu Suning FC,Chinese Super League,1.5,1.26,51.28
179,177,Reading,English League Championship,1.28,1.05,51.18
180,182,Ceará,Brasileiro Série A,1.37,1.14,51.02
181,185,Los Angeles FC,Major League Soccer,1.78,1.55,50.97
182,187,Philadelphia Union,Major League Soccer,1.6,1.38,50.91
183,189,CFR 1907 Cluj,UEFA Europa League,1.47,1.25,50.79
184,191,New York City FC,Major League Soccer,1.67,1.46,50.69
185,184,Blackburn,English League Championship,1.33,1.12,50.51
186,193,Antwerp,Belgian Jupiler League,1.52,1.32,50.45
187,186,FC Copenhagen,Danish SAS-Ligaen,1.62,1.42,50.44
188,181,AGF Aarhus,Danish SAS-Ligaen,1.4,1.2,50.42
189,194,Anderlecht,Belgian Jupiler League,1.26,1.05,50.39
190,206,Vitesse,Dutch Eredivisie,1.56,1.36,50.36
191,175,Guimaraes,Portuguese Liga,1.38,1.18,50.31
192,180,Benevento,Italy Serie A,1.45,1.26,50.18
193,195,Ludogorets,UEFA Europa League,1.54,1.35,50.16
194,197,Lech Poznan,UEFA Europa League,1.34,1.16,49.84
195,198,Shandong Luneng,Chinese Super League,1.6,1.43,49.81
196,200,Nimes,French Ligue 1,1.4,1.23,49.61
197,202,CA Independiente,Argentina Primera Division,1.2,1.04,49.46
198,171,KAA Gent,Belgian Jupiler League,1.38,1.22,49.35
199,205,Santos Laguna,Mexican Primera Division Torneo Clausura,1.34,1.18,49.33
200,183,Swansea City,English League Championship,1.26,1.1,49.3
201,176,Mallorca,Spanish Segunda Division,1.19,1.03,49.24
202,201,Millwall,English League Championship,1.27,1.11,49.23
203,207,Bahía,Brasileiro Série A,1.37,1.23,48.98
204,204,Pacos Ferreira,Portuguese Liga,1.25,1.1,48.95
205,196,Schalke 04,German Bundesliga,1.47,1.34,48.81
206,208,Newell's Old Boys,Argentina Primera Division,1.24,1.11,48.58
207,209,Racing Club,Argentina Primera Division,1.18,1.06,48.4
208,211,SK Sturm Graz,Austrian T-Mobile Bundesliga,1.4,1.29,48.29
209,199,Queens Park Rangers,English League Championship,1.35,1.24,48.19
210,210,Seattle Sounders FC,Major League Soccer,1.43,1.33,48.14
211,217,Santa Clara,Portuguese Liga,1.25,1.15,47.85
212,216,Hamburg SV,German 2. Bundesliga,1.43,1.34,47.81
213,213,FK Qarabag,UEFA Europa League,1.32,1.23,47.77
214,214,León,Mexican Primera Division Torneo Clausura,1.38,1.29,47.75
215,220,Rio Ave,Portuguese Liga,1.17,1.07,47.75
216,215,Panathinaikos,Greek Super League,1.08,0.98,47.54
217,212,Portimonense,Portuguese Liga,1.21,1.13,47.25
218,203,Wolfsberger AC,Austrian T-Mobile Bundesliga,1.53,1.48,46.98
219,232,Pachuca,Mexican Primera Division Torneo Clausura,1.32,1.26,46.91
220,225,FC Khimki,Russian Premier Liga,1.31,1.25,46.86
221,224,Derby County,English League Championship,1.09,1.02,46.83
222,222,St Gallen,Swiss Raiffeisen Super League,1.5,1.46,46.65
223,223,Crotone,Italy Serie A,1.48,1.45,46.53
224,221,Almeria,Spanish Segunda Division,1.24,1.2,46.22
225,219,Rotherham United,English League Championship,1.34,1.32,46.18
226,236,Gazisehir Gaziantep,Turkish Turkcell Super Lig,1.26,1.24,45.96
227,242,Atlas,Mexican Primera Division Torneo Clausura,1.14,1.11,45.86
228,228,Lanus,Argentina Primera Division,1.28,1.27,45.68
229,230,Atlético Goianiense,Brasileiro Série A,1.2,1.19,45.65
230,233,Sivasspor,Turkish Turkcell Super Lig,1.21,1.2,45.64
231,235,Ural Sverdlovsk Oblast,Russian Premier Liga,1.14,1.13,45.64
232,231,Fortaleza,Brasileiro Série A,1.13,1.12,45.45
233,243,Yokohama F. Marinos,Japanese J League,1.55,1.58,45.44
234,234,Omonia Nicosia,UEFA Europa League,1.41,1.43,45.33
235,237,Standard Liege,Belgian Jupiler League,1.4,1.43,45.12
236,238,New England Revolution,Major League Soccer,1.4,1.43,45.11
237,218,Nottingham Forest,English League Championship,1.06,1.07,44.97
238,226,Hatayspor,Turkish Turkcell Super Lig,1.39,1.43,44.94
239,239,FC Zorya Luhansk,UEFA Europa League,1.27,1.29,44.92
240,227,Dijon FCO,French Ligue 1,1.22,1.24,44.86
241,241,Talleres de Córdoba,Argentina Primera Division,1.21,1.23,44.82
242,244,KV Oostende,Belgian Jupiler League,1.35,1.4,44.6
243,248,Sporting de Charleroi,Belgian Jupiler League,1.31,1.36,44.5
244,263,Leganes,Spanish Segunda Division,1.1,1.13,44.44
245,265,FC Nordsjaelland,Danish SAS-Ligaen,1.41,1.48,44.41
246,247,Djurgardens IF,Swedish Allsvenskan,1.3,1.37,44.07
247,264,Huddersfield Town,English League Championship,1.21,1.27,44.03
248,246,FK Austria Vienna,Austrian T-Mobile Bundesliga,1.26,1.33,43.84
249,252,Aris Salonika,Greek Super League,1.32,1.4,43.8
250,229,Guadalajara,Mexican Primera Division Torneo Clausura,1.28,1.36,43.75
251,253,FC Lugano,Swiss Raiffeisen Super League,1.19,1.26,43.7
252,249,FC Twente,Dutch Eredivisie,1.35,1.46,43.41
253,255,FC Luzern,Swiss Raiffeisen Super League,1.4,1.52,43.29
254,256,Terek Grozny,Russian Premier Liga,1.06,1.14,43.06
255,259,Heracles,Dutch Eredivisie,1.28,1.4,43.06
256,251,Boavista,Portuguese Liga,1.13,1.23,43.04
257,272,Gil Vicente,Portuguese Liga,1.15,1.25,43.02
258,258,Argentinos Juniors,Argentina Primera Division,1.0,1.08,42.87
259,276,SpVgg Greuther Fürth,German 2. Bundesliga,1.28,1.4,42.73
260,260,Rosario Central,Argentina Primera Division,1.15,1.27,42.73
261,245,Preston North End,English League Championship,1.09,1.19,42.73
262,262,Estudiantes,Argentina Primera Division,1.0,1.1,42.6
263,277,Famalicao,Portuguese Liga,1.09,1.2,42.57
264,293,Luton Town,English League Championship,1.11,1.23,42.53
265,254,SC Farense,Portuguese Liga,1.16,1.29,42.44
266,266,FC Zurich,Swiss Raiffeisen Super League,1.42,1.59,42.29
267,250,FC Groningen,Dutch Eredivisie,1.17,1.31,42.16
268,267,Portland Timbers,Major League Soccer,1.47,1.65,42.13
269,312,Sporting Gijón,Spanish Segunda Division,0.93,1.04,42.01
270,268,KV Mechelen,Belgian Jupiler League,1.34,1.51,41.95
271,270,Arsenal Sarandi,Argentina Primera Division,1.28,1.45,41.78
272,295,Belenenses,Portuguese Liga,0.96,1.08,41.71
273,298,Hull City,English League One,1.22,1.39,41.7
274,299,Fortuna Düsseldorf,German 2. Bundesliga,1.22,1.4,41.67
275,273,Rosenborg,Norwegian Tippeligaen,1.34,1.53,41.66
276,294,Sparta,Dutch Eredivisie,1.33,1.53,41.49
277,278,Tianjin Teda,Chinese Super League,1.28,1.47,41.44
278,340,WSG Swarovski Wattens,Austrian T-Mobile Bundesliga,1.43,1.64,41.44
279,308,Maritimo,Portuguese Liga,1.11,1.28,41.4
280,279,Botafogo,Brasileiro Série A,1.22,1.4,41.35
281,320,Melbourne City,Australian A-League,1.4,1.62,41.33
282,280,Sporting Kansas City,Major League Soccer,1.36,1.57,41.31
283,282,Atlético Tucumán,Argentina Primera Division,1.07,1.24,41.23
284,283,Chicago Fire,Major League Soccer,1.48,1.72,41.16
285,284,Vasco da Gama,Brasileiro Série A,1.08,1.26,41.12
286,285,Minnesota United FC,Major League Soccer,1.42,1.65,41.11
287,356,Cerezo Osaka,Japanese J League,1.13,1.31,41.11
288,301,Randers FC,Danish SAS-Ligaen,1.14,1.32,41.07
289,286,Hannover 96,German 2. Bundesliga,1.19,1.39,41.05
290,357,Nagoya Grampus Eight,Japanese J League,1.01,1.18,41.04
291,288,Dundalk,UEFA Europa League,1.48,1.72,41.02
292,281,Tijuana,Mexican Primera Division Torneo Clausura,1.17,1.37,40.98
293,274,Moreirense,Portuguese Liga,1.11,1.3,40.98
294,289,San Lorenzo,Argentina Primera Division,1.14,1.33,40.96
295,290,SV Zulte Waregem,Belgian Jupiler League,1.42,1.65,40.95
296,240,Troyes,French Ligue 2,1.14,1.33,40.94
297,269,VfL Bochum,German 2. Bundesliga,1.22,1.42,40.93
298,302,Kashima Antlers,Japanese J League,1.26,1.47,40.85
299,292,Columbus Crew,Major League Soccer,1.28,1.5,40.81
300,261,Coventry City,English League Championship,1.11,1.31,40.73
301,296,Holstein Kiel,German 2. Bundesliga,1.21,1.42,40.64
302,300,Orlando City SC,Major League Soccer,1.32,1.56,40.56
303,271,Puebla,Mexican Primera Division Torneo Clausura,1.04,1.23,40.53
304,303,Inter Miami CF,Major League Soccer,1.28,1.51,40.49
305,257,Goztepe,Turkish Turkcell Super Lig,1.21,1.44,40.43
306,304,Sport Recife,Brasileiro Série A,1.05,1.25,40.35
307,305,Patronato,Argentina Primera Division,1.2,1.43,40.35
308,306,Gimnasia La Plata,Argentina Primera Division,0.98,1.17,40.3
309,287,Birmingham,English League Championship,1.03,1.23,40.26
310,310,Rayo Vallecano,Spanish Segunda Division,1.16,1.38,40.22
311,309,IFK Norrkoping,Swedish Allsvenskan,1.53,1.82,40.17
312,316,Pumas Unam,Mexican Primera Division Torneo Clausura,1.04,1.25,40.08
313,314,Istanbul Basaksehir,Turkish Turkcell Super Lig,1.27,1.52,40.07
314,275,Toluca,Mexican Primera Division Torneo Clausura,1.16,1.39,40.06
315,297,Tondela,Portuguese Liga,1.12,1.36,39.9
316,311,Colorado Rapids,Major League Soccer,1.37,1.65,39.89
317,313,Slovan Liberec,UEFA Europa League,1.19,1.44,39.87
318,317,Goiás,Brasileiro Série A,1.17,1.43,39.68
319,318,Toronto FC,Major League Soccer,1.29,1.57,39.67
320,319,Banfield,Argentina Primera Division,0.98,1.2,39.66
321,321,Rijeka,UEFA Europa League,1.28,1.56,39.55
322,341,SC Paderborn,German 2. Bundesliga,1.2,1.47,39.53
323,323,OH Leuven,Belgian Jupiler League,1.37,1.67,39.5
324,324,Arizona United,United Soccer League,1.48,1.8,39.5
325,336,Fortuna Sittard,Dutch Eredivisie,1.31,1.6,39.49
326,325,FC Dallas,Major League Soccer,1.27,1.55,39.47
327,328,Servette,Swiss Raiffeisen Super League,1.2,1.48,39.3
328,315,Fatih Karagümrük,Turkish Turkcell Super Lig,1.19,1.47,39.22
329,329,Union Santa Fe,Argentina Primera Division,1.0,1.25,39.16
330,307,C.D. Nacional,Portuguese Liga,1.12,1.39,39.04
331,330,Asteras Tripolis,Greek Super League,1.04,1.3,39.02
332,322,Auxerre,French Ligue 2,1.08,1.35,38.99
333,331,BK Hacken,Swedish Allsvenskan,1.07,1.34,38.97
334,349,Sunderland,English League One,1.09,1.37,38.9
335,339,Konyaspor,Turkish Turkcell Super Lig,1.12,1.41,38.84
336,333,New York Red Bulls,Major League Soccer,1.3,1.63,38.83
337,338,Shanghai Greenland,Chinese Super League,1.34,1.68,38.68
338,371,AaB,Danish SAS-Ligaen,1.1,1.4,38.58
339,326,Heerenveen,Dutch Eredivisie,1.42,1.77,38.58
340,364,Empoli,Italy Serie B,1.18,1.49,38.57
341,342,Henan Jianye,Chinese Super League,1.25,1.57,38.55
342,345,FC Arsenal Tula,Russian Premier Liga,1.09,1.39,38.37
343,291,FC Ufa,Russian Premier Liga,0.89,1.14,38.29
344,344,FC Sion,Swiss Raiffeisen Super League,1.2,1.54,38.25
345,347,Hebei China Fortune FC,Chinese Super League,1.29,1.65,38.14
346,348,Mamelodi Sundowns,South African ABSA Premier League,0.98,1.26,38.09
347,332,Atlético San Luis,Mexican Primera Division Torneo Clausura,1.15,1.48,37.94
348,350,Huracán,Argentina Primera Division,0.95,1.24,37.93
349,337,Grenoble,French Ligue 2,0.94,1.23,37.92
350,351,Hammarby,Swedish Allsvenskan,1.48,1.89,37.89
351,353,Valerenga,Norwegian Tippeligaen,1.18,1.53,37.74
352,372,Lecce,Italy Serie B,1.2,1.56,37.66
353,355,Wuhan Zall,Chinese Super League,1.17,1.53,37.62
354,358,KV Kortrijk,Belgian Jupiler League,1.21,1.58,37.45
355,361,Sheffield Wednesday,English League Championship,1.01,1.33,37.43
356,359,Atlanta United FC,Major League Soccer,1.11,1.46,37.41
357,334,Monza,Italy Serie B,1.01,1.34,37.33
358,362,Atromitos,Greek Super League,1.0,1.33,37.25
359,365,Central Córdoba Santiago del Estero,Argentina Primera Division,1.0,1.34,37.16
360,363,Necaxa,Mexican Primera Division Torneo Clausura,1.12,1.49,37.07
361,366,Eupen,Belgian Jupiler League,1.19,1.58,37.04
362,367,KFCO Beerschot-Wilrijk,Belgian Jupiler League,1.34,1.76,37.03
363,369,Lausanne Sports,Swiss Raiffeisen Super League,1.14,1.53,36.93
364,370,Nashville SC,Major League Soccer,0.99,1.33,36.92
365,381,Querétaro,Mexican Primera Division Torneo Clausura,1.11,1.48,36.88
366,441,Vissel Kobe,Japanese J League,1.27,1.69,36.76
367,335,Hartberg,Austrian T-Mobile Bundesliga,1.19,1.59,36.74
368,374,Dalian Aerbin,Chinese Super League,1.29,1.73,36.66
369,375,1. FC Heidenheim 1846,German 2. Bundesliga,1.12,1.52,36.61
370,376,Kaizer Chiefs,South African ABSA Premier League,1.01,1.39,36.44
371,346,PEC Zwolle,Dutch Eredivisie,1.22,1.64,36.43
372,377,Houston Dynamo,Major League Soccer,1.28,1.73,36.3
373,378,St. Truidense,Belgian Jupiler League,1.08,1.49,36.21
374,379,Wycombe Wanderers,English League Championship,1.1,1.52,36.17
375,368,Karlsruher SC,German 2. Bundesliga,1.14,1.57,35.93
376,434,AS Nancy Lorraine,French Ligue 2,1.14,1.58,35.76
377,382,San Jose Earthquakes,Major League Soccer,1.29,1.78,35.71
378,397,Tenerife,Spanish Segunda Division,0.85,1.22,35.64
379,352,Odense BK,Danish SAS-Ligaen,1.01,1.43,35.52
380,406,Mazatlán FC,Mexican Primera Division Torneo Clausura,1.02,1.45,35.48
381,386,IF Elfsborg,Swedish Allsvenskan,1.2,1.68,35.41
382,385,Kasimpasa,Turkish Turkcell Super Lig,1.16,1.63,35.33
383,354,Antalyaspor,Turkish Turkcell Super Lig,0.9,1.3,35.24
384,373,Real Oviedo,Spanish Segunda Division,0.99,1.41,35.22
385,416,Ankaragucu,Turkish Turkcell Super Lig,1.13,1.61,35.18
386,393,SV Darmstadt 98,German 2. Bundesliga,1.24,1.74,35.14
387,388,Coritiba,Brasileiro Série A,0.97,1.4,35.13
388,410,Bristol City,English League Championship,1.11,1.58,35.11
389,389,Yeni Malatyaspor,Turkish Turkcell Super Lig,1.12,1.59,35.09
390,383,Sochaux,French Ligue 2,0.87,1.28,34.96
391,380,Sanfrecce Hiroshima,Japanese J League,0.94,1.36,34.94
392,394,Hibernian,Scottish Premiership,1.01,1.46,34.89
393,391,OFI Crete,Greek Super League,1.06,1.52,34.85
394,387,Girona FC,Spanish Segunda Division,0.82,1.22,34.8
395,392,Chongqing Lifan,Chinese Super League,1.08,1.56,34.78
396,327,Kashiwa Reysol,Japanese J League,1.09,1.58,34.56
397,404,FC Tokyo,Japanese J League,1.1,1.6,34.43
398,396,Viking FK,Norwegian Tippeligaen,1.35,1.92,34.4
399,384,St. Pölten,Austrian T-Mobile Bundesliga,1.16,1.69,34.28
400,398,Los Angeles Galaxy,Major League Soccer,1.27,1.83,34.26
401,360,FK Volgograd,Russian Premier Liga,0.89,1.35,34.06
402,343,Gamba Osaka,Japanese J League,1.03,1.53,34.05
403,409,Sydney FC,Australian A-League,1.11,1.64,33.99
404,399,Paris FC,French Ligue 2,0.94,1.42,33.93
405,400,Amiens,French Ligue 2,0.81,1.24,33.93
406,390,FC St. Pauli,German 2. Bundesliga,1.17,1.73,33.79
407,402,Guangzhou RF,Chinese Super League,1.44,2.07,33.73
408,403,Orlando Pirates,South African ABSA Premier League,0.98,1.48,33.73
409,407,Real Salt Lake,Major League Soccer,1.0,1.51,33.64
410,408,Aldosivi,Argentina Primera Division,0.86,1.33,33.63
411,411,SD Ponferradina,Spanish Segunda Division,0.89,1.37,33.56
412,412,Tianjin Quanujian,Chinese Super League,1.16,1.73,33.51
413,424,Sonderjyske,Danish SAS-Ligaen,1.08,1.63,33.41
414,401,FC Juárez,Mexican Primera Division Torneo Clausura,1.05,1.6,33.39
415,395,Fuenlabrada,Spanish Segunda Division,0.86,1.34,33.33
416,413,AIK,Swedish Allsvenskan,0.87,1.36,33.28
417,419,Willem II,Dutch Eredivisie,1.28,1.89,33.26
418,414,Kristiansund BK,Norwegian Tippeligaen,1.27,1.88,33.18
419,420,Caykur Rizespor,Turkish Turkcell Super Lig,1.04,1.6,33.07
420,425,Málaga,Spanish Segunda Division,0.78,1.24,33.04
421,418,Peterborough United,English League One,1.0,1.56,32.65
422,417,Shenzhen FC,Chinese Super League,1.19,1.81,32.64
423,423,Louisville City FC,United Soccer League,1.08,1.69,32.24
424,436,Mirandes,Spanish Segunda Division,0.9,1.46,32.1
425,426,Mjallby,Swedish Allsvenskan,1.17,1.82,32.08
426,405,Kayserispor,Turkish Turkcell Super Lig,0.89,1.46,31.92
427,433,Lugo,Spanish Segunda Division,0.84,1.4,31.54
428,440,Las Palmas,Spanish Segunda Division,0.9,1.49,31.54
429,428,Cercle Brugge,Belgian Jupiler League,0.98,1.6,31.49
430,429,Reno 1868 FC,United Soccer League,1.27,2.0,31.38
431,432,Mouscron-Peruwelz,Belgian Jupiler League,0.95,1.57,31.25
432,415,FC Tambov,Russian Premier Liga,0.92,1.53,31.18
433,421,SV Sandhausen,German 2. Bundesliga,1.03,1.69,31.13
434,439,Castellon,Spanish Segunda Division,0.92,1.54,31.05
435,454,Emmen,Dutch Eredivisie,1.05,1.72,30.92
436,438,IFK Goteborg,Swedish Allsvenskan,0.93,1.56,30.77
437,431,RKC,Dutch Eredivisie,1.0,1.68,30.63
438,427,Jahn Regensburg,German 2. Bundesliga,0.96,1.63,30.58
439,437,1. FC Nürnberg,German 2. Bundesliga,0.97,1.64,30.56
440,422,Vejle,Danish SAS-Ligaen,0.95,1.61,30.51
441,473,Rodez,French Ligue 2,0.8,1.4,30.47
442,443,AD Alcorcon,Spanish Segunda Division,0.71,1.28,30.42
443,465,Cremonese,Italy Serie B,0.92,1.58,30.25
444,442,Tampa Bay Rowdies,United Soccer League,0.96,1.64,30.21
445,444,Montreal Impact,Major League Soccer,1.13,1.88,30.18
446,446,Panetolikos,Greek Super League,0.86,1.51,30.07
447,447,Colon Santa Fe,Argentina Primera Division,0.83,1.48,29.95
448,435,Cittadella,Italy Serie B,0.88,1.56,29.82
449,449,Godoy Cruz,Argentina Primera Division,0.94,1.64,29.76
450,451,Real Zaragoza,Spanish Segunda Division,0.74,1.35,29.7
451,497,Shimizu S-Pulse,Japanese J League,1.07,1.82,29.68
452,455,Livingston,Scottish Premiership,0.96,1.67,29.68
453,450,SuperSport United,South African ABSA Premier League,0.81,1.46,29.64
454,452,Perth Glory,Australian A-League,1.15,1.94,29.62
455,493,Sagan Tosu,Japanese J League,0.84,1.51,29.46
456,453,Odd BK,Norwegian Tippeligaen,1.18,1.99,29.43
457,456,Western United,Australian A-League,1.12,1.92,29.37
458,430,Consadole Sapporo,Japanese J League,0.96,1.7,29.29
459,485,Guingamp,French Ligue 2,0.93,1.66,29.08
460,457,FC Cartagena,Spanish Segunda Division,0.9,1.64,28.97
461,459,Pittsburgh Riverhounds,United Soccer League,0.91,1.64,28.95
462,460,Aberdeen,Scottish Premiership,0.71,1.36,28.79
463,445,Chievo Verona,Italy Serie B,0.78,1.47,28.78
464,463,FC Vaduz,Swiss Raiffeisen Super League,0.88,1.62,28.65
465,464,Stabaek,Norwegian Tippeligaen,0.95,1.72,28.65
466,483,Cashpoint SC Rheindorf Altach,Austrian T-Mobile Bundesliga,0.94,1.7,28.63
467,461,Erzurumspor,Turkish Turkcell Super Lig,0.87,1.61,28.61
468,471,Brescia,Italy Serie B,0.99,1.78,28.45
469,466,Bidvest Wits,South African ABSA Premier League,0.74,1.44,28.42
470,472,Larissa,Greek Super League,0.7,1.38,28.18
471,474,Urawa Red Diamonds,Japanese J League,0.87,1.63,28.16
472,475,Orebro SK,Swedish Allsvenskan,0.97,1.79,28.06
473,477,Varbergs BoIS FC,Swedish Allsvenskan,0.99,1.82,28.0
474,478,St Johnstone,Scottish Premiership,0.83,1.58,27.99
475,467,CD Sabadell,Spanish Segunda Division,0.76,1.48,27.97
476,489,Oxford United,English League One,0.82,1.58,27.9
477,476,Wellington Phoenix,Australian A-League,1.1,1.97,27.9
478,479,San Antonio FC,United Soccer League,1.03,1.88,27.84
479,469,VVV Venlo,Dutch Eredivisie,1.16,2.08,27.73
480,448,Valenciennes,French Ligue 2,0.85,1.64,27.61
481,482,Lamia,Greek Super League,0.55,1.18,27.53
482,488,Frosinone,Italy Serie B,0.78,1.55,27.37
483,496,Western Sydney FC,Australian A-League,1.09,1.99,27.35
484,458,Lyngby,Danish SAS-Ligaen,0.98,1.85,27.22
485,508,Le Havre,French Ligue 2,0.67,1.39,27.17
486,486,DC United,Major League Soccer,1.02,1.91,27.15
487,491,F.B.C Unione Venezia,Italy Serie B,0.83,1.63,27.1
488,462,Spal,Italy Serie B,0.85,1.67,27.02
489,480,Denizlispor,Turkish Turkcell Super Lig,0.88,1.72,27.02
490,515,Genclerbirligi,Turkish Turkcell Super Lig,0.88,1.71,26.99
491,468,SV Ried,Austrian T-Mobile Bundesliga,0.94,1.8,26.93
492,506,Adelaide United,Australian A-League,1.11,2.06,26.87
493,490,Guizhou Renhe,Chinese Super League,0.94,1.82,26.81
494,470,AC Ajaccio,French Ligue 2,0.67,1.43,26.46
495,495,Waasland-Beveren,Belgian Jupiler League,0.98,1.9,26.38
496,539,Gillingham,English League One,0.91,1.81,26.32
497,494,Erzgebirge Aue,German 2. Bundesliga,0.89,1.77,26.28
498,519,Pisa,Italy Serie B,0.81,1.66,26.19
499,500,Central Coast Mariners,Australian A-League,1.01,1.97,26.04
500,507,Salernitana,Italy Serie B,0.73,1.55,25.99
501,499,Newcastle Jets,Australian A-League,0.89,1.8,25.81
502,503,FC Xanthi,Greek Super League,0.58,1.33,25.81
503,504,Haugesund,Norwegian Tippeligaen,0.98,1.94,25.79
504,523,Fleetwood Town,English League One,0.64,1.44,25.62
505,484,Caen,French Ligue 2,0.77,1.64,25.5
506,516,FC Trenkwalder Admira,Austrian T-Mobile Bundesliga,0.99,1.98,25.28
507,514,Reggina,Italy Serie B,0.71,1.57,25.25
508,521,Eintracht Braunschweig,German 2. Bundesliga,0.73,1.62,25.02
509,510,Motherwell,Scottish Premiership,0.83,1.78,24.89
510,511,Würzburger Kickers,German 2. Bundesliga,0.88,1.84,24.89
511,502,AC Horsens,Danish SAS-Ligaen,0.74,1.64,24.87
512,501,Blackpool,English League One,0.65,1.5,24.84
513,513,St Mirren,Scottish Premiership,0.66,1.51,24.83
514,481,Doncaster Rovers,English League One,0.89,1.86,24.83
515,498,Pordenone Calcio,Italy Serie B,0.68,1.55,24.57
516,529,Pau,French Ligue 2,0.74,1.65,24.5
517,505,Albacete,Spanish Segunda Division,0.58,1.41,24.42
518,525,VfL Osnabruck,German 2. Bundesliga,0.79,1.74,24.31
519,517,ADO Den Haag,Dutch Eredivisie,0.93,1.96,24.3
520,520,Black Aces,South African ABSA Premier League,0.81,1.78,24.28
521,527,Maritzburg Utd,South African ABSA Premier League,0.56,1.39,24.05
522,509,Macarthur FC,Australian A-League,0.84,1.86,23.81
523,530,SK Brann,Norwegian Tippeligaen,0.87,1.91,23.79
524,518,Portsmouth,English League One,0.78,1.77,23.76
525,531,Sacramento Republic FC,United Soccer League,0.8,1.8,23.75
526,532,FC Cincinnati,Major League Soccer,0.75,1.72,23.73
527,533,IK Sirius,Swedish Allsvenskan,0.94,2.02,23.7
528,487,Lincoln City,English League One,0.82,1.84,23.53
529,526,Brisbane Roar,Australian A-League,0.8,1.82,23.47
530,512,Niort,French Ligue 2,0.8,1.82,23.42
531,522,Vicenza,Italy Serie B,0.71,1.68,23.42
532,535,Helsingborgs IF,Swedish Allsvenskan,0.83,1.88,23.31
533,524,Logrones,Spanish Segunda Division,0.62,1.55,23.27
534,536,Vancouver Whitecaps,Major League Soccer,0.84,1.9,23.13
535,537,New Mexico United,United Soccer League,0.81,1.88,22.97
536,549,Dunkerque,French Ligue 2,0.62,1.56,22.94
537,538,Dundee Utd,Scottish Premiership,0.72,1.74,22.91
538,528,Ipswich Town,English League One,0.61,1.58,22.42
539,492,Oita Trinita,Japanese J League,0.64,1.63,22.41
540,540,Bloem Celtic,South African ABSA Premier League,0.8,1.9,22.37
541,551,Milton Keynes Dons,English League One,0.89,2.05,22.25
542,,Tokushima Vortis,Japanese J League,0.7,1.75,22.13
543,541,Sarpsborg,Norwegian Tippeligaen,0.68,1.72,22.04
544,547,Charlton Athletic,English League One,0.81,1.94,22.03
545,542,Stromsgodset,Norwegian Tippeligaen,0.96,2.17,22.01
546,543,Orange County SC,United Soccer League,0.77,1.88,21.91
547,544,El Paso Locomotive FC,United Soccer League,0.66,1.7,21.89
548,546,Panionios,Greek Super League,0.51,1.45,21.84
549,548,Austin Bold FC,United Soccer League,0.94,2.16,21.69
550,550,Charleston Battery,United Soccer League,0.74,1.86,21.6
551,552,Volos NFC,Greek Super League,0.65,1.73,21.22
552,553,San Diego Loyal SC,United Soccer League,0.7,1.82,21.09
553,,Avispa Fukuoka,Japanese J League,0.82,2.03,20.94
554,545,Melbourne Victory,Australian A-League,0.92,2.2,20.74
555,570,Burton Albion,English League One,0.82,2.05,20.68
556,560,Shonan Bellmare,Japanese J League,0.69,1.84,20.58
557,555,Indy Eleven,United Soccer League,0.68,1.84,20.5
558,556,Shrewsbury Town,English League One,0.63,1.74,20.5
559,563,Ascoli,Italy Serie B,0.63,1.76,20.32
560,557,Hamilton Academical,Scottish Premiership,0.72,1.91,20.25
561,562,Birmingham Legion FC,United Soccer League,0.84,2.15,19.81
562,559,Cosenza,Italy Serie B,0.61,1.76,19.76
563,565,Chateauroux,French Ligue 2,0.61,1.77,19.72
564,554,Exeter City,English League Two,0.75,2.01,19.64
565,566,Sandefjord,Norwegian Tippeligaen,0.6,1.78,19.39
566,558,Chambly Thelle FC,French Ligue 2,0.71,1.98,19.2
567,567,Highlands Park FC,South African ABSA Premier League,0.57,1.75,18.95
568,568,Kilmarnock,Scottish Premiership,0.62,1.84,18.92
569,561,Accrington Stanley,English League One,0.71,2.02,18.7
570,569,Miami FC,United Soccer League,0.83,2.25,18.46
571,571,Falkenbergs FF,Swedish Allsvenskan,0.74,2.11,18.32
572,534,Vegalta Sendai,Japanese J League,0.71,2.05,18.3
573,573,Kalmar FF,Swedish Allsvenskan,0.6,1.86,18.23
574,574,Saint Louis FC,United Soccer League,0.64,1.94,18.03
575,575,Östersunds FK,Swedish Allsvenskan,0.65,1.97,17.92
576,576,US Pescara,Italy Serie B,0.52,1.75,17.73
577,577,IK Start,Norwegian Tippeligaen,0.67,2.04,17.68
578,579,Golden Arrows,South African ABSA Premier League,0.43,1.63,17.14
579,580,Mjondalen,Norwegian Tippeligaen,0.55,1.86,17.02
580,582,Charlotte Independence,United Soccer League,0.66,2.09,16.87
581,583,Ross County,Scottish Premiership,0.67,2.11,16.78
582,584,North Carolina FC,United Soccer League,0.65,2.09,16.69
583,578,Virtus Entella,Italy Serie B,0.53,1.88,16.54
584,572,Crewe Alexandra,English League One,0.6,2.01,16.47
585,587,Bolton,English League Two,0.56,1.93,16.38
586,586,LA Galaxy II,United Soccer League,0.84,2.45,16.26
587,581,Plymouth Argyle,English League One,0.66,2.13,16.22
588,590,Polokwane City FC,South African ABSA Premier League,0.47,1.84,15.52
589,591,Tulsa Roughnecks,United Soccer League,0.62,2.14,15.51
590,585,Salford City,English League Two,0.4,1.7,15.45
591,588,Tranmere Rovers,English League Two,0.53,1.98,15.3
592,589,Reggiana,Italy Serie B,0.5,1.92,15.29
593,594,Memphis 901 FC,United Soccer League,0.74,2.37,15.25
594,592,Wigan,English League One,0.63,2.17,15.22
595,564,Yokohama FC,Japanese J League,0.58,2.15,14.55
596,595,Swindon Town,English League One,0.64,2.27,14.38
597,593,Cheltenham Town,English League Two,0.4,1.83,14.06
598,601,Forest Green Rovers,English League Two,0.53,2.11,13.98
599,599,Chippa United,South African ABSA Premier League,0.26,1.54,13.92
600,596,Bristol Rovers,English League One,0.52,2.09,13.91
601,600,Hartford Athletic,United Soccer League,0.66,2.37,13.84
602,609,Rochdale,English League One,0.61,2.3,13.57
603,602,AmaZulu,South African ABSA Premier League,0.31,1.68,13.48
604,613,Cambridge United,English League Two,0.43,1.94,13.44
605,603,Real Monarchs SLC,United Soccer League,0.56,2.22,13.33
606,604,Las Vegas Lights FC,United Soccer League,0.67,2.44,13.32
607,598,Oldham Athletic,English League Two,0.69,2.47,13.31
608,597,Morecambe,English League Two,0.56,2.26,13.09
609,606,Northampton Town,English League One,0.43,1.99,12.96
610,607,Baroka FC,South African ABSA Premier League,0.24,1.57,12.84
611,608,Tacoma Defiance,United Soccer League,0.65,2.49,12.51
612,618,Carlisle United,English League Two,0.49,2.17,12.48
613,605,Bradford City,English League Two,0.4,1.99,12.44
614,610,Portland Timbers 2,United Soccer League,0.79,2.78,12.37
615,611,Stellenbosch FC,South African ABSA Premier League,0.35,1.89,12.29
616,614,Crawley Town,English League Two,0.41,2.09,11.76
617,615,Black Leopards,South African ABSA Premier League,0.39,2.03,11.75
618,616,Swope Park Rangers,United Soccer League,0.62,2.56,11.56
619,612,Mansfield Town,English League Two,0.44,2.19,11.31
620,617,Colorado Springs Switchbacks FC,United Soccer League,0.47,2.27,11.15
621,625,Newport County,English League Two,0.31,1.95,10.88
622,630,Barrow,English League Two,0.33,2.04,10.52
623,619,AFC Wimbledon,English League One,0.37,2.13,10.44
624,622,Stevenage,English League Two,0.2,1.73,10.43
625,620,Aalesund,Norwegian Tippeligaen,0.59,2.64,10.37
626,621,Oklahoma City Energy FC,United Soccer League,0.42,2.3,10.16
627,623,New York Red Bulls II,United Soccer League,0.64,2.79,10.04
628,624,Rio Grande Valley FC Toros,United Soccer League,0.47,2.42,10.01
629,626,Atlanta United 2,United Soccer League,0.57,2.67,9.86
630,627,Port Vale,English League Two,0.39,2.29,9.68
631,628,Leyton Orient,English League Two,0.25,2.05,8.82
632,629,Harrogate Town,English League Two,0.26,2.09,8.69
633,631,Scunthorpe,English League Two,0.26,2.15,8.32
634,632,Walsall,English League Two,0.22,2.17,7.56
635,633,Southend United,English League Two,0.2,2.11,7.48
636,635,Colchester United,English League Two,0.2,2.19,6.99
637,634,Loudoun United FC,United Soccer League,0.34,2.65,6.51
638,637,Grimsby Town,English League Two,0.2,2.35,6.12
639,636,Bethlehem Steel FC,United Soccer League,0.41,2.99,5.78
