season,date,league_id,league,HomeTeam,AwayTeam,spi1,spi2,prob1,prob2,probtie,proj_score1,proj_score2,importance1,importance2,score1,score2,HW,HD,HL,FTHG,FTHGC,HTHGC,HTHG,HS,HST,HF,HC,HY,HR,AW,AD,AL,FTAG,HTAG,FTAGC,HTAGC,AS,AST,AF,AC,AY,AR
2020,19/09/20,1854,italy,Fiorentina,Torino,69.23,59.11,0.5212,0.2215,0.2572,1.68,1.0,29.4,26.3,1.0,0.0,1.0,0.0,0.0,1.0,0.0,0.0,0.0,17.0,8.0,17.0,4.0,3.0,0.0,0.0,0.0,1.0,0.0,0.0,1.0,0.0,6.0,3.0,20.0,1.0,1.0,0.0
2020,19/09/20,1854,italy,Verona,Roma,59.51,74.51,0.2425,0.5092,0.2484,1.15,1.77,26.4,49.6,0.0,0.0,0.0,1.0,0.0,0.0,0.0,0.0,0.0,9.0,7.0,19.0,0.0,2.0,0.0,0.0,1.0,0.0,0.0,0.0,0.0,0.0,15.0,7.0,20.0,6.0,0.0,0.0
2020,20/09/20,1854,italy,Parma,Napoli,56.69,79.05,0.1836,0.5929,0.2235,1.03,2.03,31.9,59.1,0.0,2.0,0.0,0.0,1.0,0.0,2.0,0.0,0.0,4.0,2.0,16.0,4.0,4.0,0.0,1.0,0.0,0.0,2.0,0.0,0.0,0.0,12.0,7.0,12.0,2.0,1.0,0.0
2020,20/09/20,1854,italy,Genoa,Crotone,55.9,53.39,0.4444,0.2801,0.2755,1.47,1.11,38.3,38.9,4.0,1.0,1.0,0.0,0.0,4.0,1.0,1.0,3.0,10.0,8.0,13.0,6.0,4.0,0.0,0.0,0.0,1.0,1.0,1.0,4.0,3.0,11.0,5.0,14.0,4.0,2.0,0.0
2020,20/09/20,1854,italy,Sassuolo,Cagliari,65.1,57.04,0.5043,0.2432,0.2525,1.72,1.12,23.3,30.6,1.0,1.0,0.0,1.0,0.0,1.0,1.0,0.0,0.0,21.0,10.0,9.0,7.0,1.0,0.0,0.0,1.0,0.0,1.0,0.0,1.0,0.0,8.0,4.0,18.0,3.0,3.0,0.0
2020,20/09/20,1854,italy,Juventus,Sampdoria,82.45,60.79,0.7072,0.1107,0.182,2.35,0.82,56.1,21.5,3.0,0.0,1.0,0.0,0.0,3.0,0.0,0.0,1.0,14.0,9.0,15.0,6.0,1.0,0.0,0.0,0.0,1.0,0.0,0.0,3.0,1.0,10.0,2.0,9.0,4.0,1.0,0.0
2020,21/09/20,1854,italy,Milan,Bologna,78.82,59.32,0.6725,0.1281,0.1993,2.19,0.84,59.3,25.7,2.0,0.0,1.0,0.0,0.0,2.0,0.0,0.0,1.0,14.0,6.0,13.0,7.0,3.0,0.0,0.0,0.0,1.0,0.0,0.0,2.0,1.0,6.0,5.0,17.0,4.0,5.0,1.0
2020,26/09/20,1854,italy,Torino,Atalanta,58.43,79.1,0.1892,0.5859,0.2248,1.06,2.02,29.1,57.2,2.0,4.0,0.0,0.0,1.0,2.0,4.0,3.0,2.0,5.0,5.0,11.0,2.0,1.0,0.0,1.0,0.0,0.0,4.0,3.0,2.0,2.0,12.0,7.0,12.0,6.0,2.0,0.0
2020,26/09/20,1854,italy,Sampdoria,Benevento,60.45,54.44,0.4677,0.2609,0.2714,1.52,1.07,27.0,40.0,2.0,3.0,0.0,0.0,1.0,2.0,3.0,1.0,2.0,5.0,4.0,17.0,6.0,3.0,0.0,1.0,0.0,0.0,3.0,1.0,2.0,2.0,11.0,6.0,12.0,4.0,1.0,0.0
2020,26/09/20,1854,italy,Cagliari,Lazio,56.69,71.54,0.2532,0.4933,0.2535,1.16,1.71,30.5,44.1,0.0,2.0,0.0,0.0,1.0,0.0,2.0,1.0,0.0,9.0,3.0,8.0,3.0,1.0,0.0,1.0,0.0,0.0,2.0,1.0,0.0,0.0,9.0,7.0,13.0,6.0,1.0,0.0
2020,26/09/20,1854,italy,Inter,Fiorentina,84.34,70.03,0.6262,0.1549,0.2189,2.03,0.89,62.1,42.5,4.0,3.0,1.0,0.0,0.0,4.0,3.0,1.0,1.0,12.0,6.0,15.0,5.0,1.0,0.0,0.0,0.0,1.0,3.0,1.0,4.0,1.0,8.0,4.0,10.0,1.0,1.0,0.0
2020,27/09/20,1854,italy,Spezia,Sassuolo,53.13,65.47,0.3017,0.4322,0.266,1.24,1.53,40.3,18.5,1.0,4.0,0.0,0.0,1.0,1.0,4.0,1.0,1.0,11.0,6.0,13.0,3.0,2.0,0.0,1.0,0.0,0.0,4.0,1.0,1.0,1.0,10.0,8.0,8.0,5.0,1.0,0.0
2020,27/09/20,1854,italy,Verona,Udinese,59.11,61.05,0.3959,0.3123,0.2918,1.28,1.11,29.4,24.5,1.0,0.0,1.0,0.0,0.0,1.0,0.0,0.0,0.0,8.0,2.0,13.0,1.0,1.0,0.0,0.0,0.0,1.0,0.0,0.0,1.0,0.0,14.0,6.0,13.0,9.0,0.0,0.0
2020,27/09/20,1854,italy,Napoli,Genoa,79.63,56.97,0.6977,0.1097,0.1926,2.2,0.74,59.4,24.0,6.0,0.0,1.0,0.0,0.0,6.0,0.0,0.0,1.0,18.0,11.0,6.0,4.0,1.0,0.0,0.0,0.0,1.0,0.0,0.0,6.0,1.0,3.0,1.0,13.0,2.0,2.0,0.0
2020,27/09/20,1854,italy,Crotone,Milan,51.92,79.25,0.1448,0.6445,0.2107,0.88,2.1,37.3,61.6,0.0,2.0,0.0,0.0,1.0,0.0,2.0,1.0,0.0,5.0,1.0,14.0,2.0,1.0,0.0,1.0,0.0,0.0,2.0,1.0,0.0,0.0,11.0,7.0,15.0,5.0,3.0,0.0
2020,27/09/20,1854,italy,Roma,Juventus,75.07,82.79,0.3167,0.4326,0.2507,1.41,1.68,52.8,59.2,2.0,2.0,0.0,1.0,0.0,2.0,2.0,1.0,2.0,7.0,6.0,19.0,5.0,2.0,0.0,0.0,1.0,0.0,2.0,1.0,2.0,2.0,6.0,3.0,9.0,7.0,3.0,1.0
2020,28/09/20,1854,italy,Bologna,Parma,58.86,56.23,0.4403,0.2952,0.2646,1.56,1.23,31.4,30.6,4.0,1.0,1.0,0.0,0.0,4.0,1.0,0.0,2.0,11.0,8.0,12.0,8.0,1.0,0.0,0.0,0.0,1.0,1.0,0.0,4.0,2.0,8.0,4.0,9.0,9.0,2.0,1.0
2020,30/09/20,1854,italy,Udinese,Spezia,61.49,51.55,0.4907,0.2315,0.2778,1.49,0.93,28.8,43.1,0.0,2.0,0.0,0.0,1.0,0.0,2.0,1.0,0.0,10.0,5.0,13.0,2.0,0.0,0.0,1.0,0.0,0.0,2.0,1.0,0.0,0.0,4.0,3.0,17.0,2.0,5.0,1.0
2020,30/09/20,1854,italy,Benevento,Inter,55.55,83.84,0.122,0.6928,0.1852,0.89,2.37,25.8,62.3,2.0,5.0,0.0,0.0,1.0,2.0,5.0,4.0,1.0,11.0,7.0,10.0,5.0,1.0,0.0,1.0,0.0,0.0,5.0,4.0,2.0,1.0,18.0,12.0,15.0,1.0,0.0,0.0
2020,30/09/20,1854,italy,Lazio,Atalanta,72.56,79.68,0.3219,0.4307,0.2473,1.46,1.72,51.3,66.4,1.0,4.0,0.0,0.0,1.0,1.0,4.0,3.0,0.0,11.0,8.0,16.0,7.0,7.0,0.0,1.0,0.0,0.0,4.0,3.0,1.0,0.0,8.0,6.0,11.0,3.0,2.0,0.0
2020,02/10/20,1854,italy,Fiorentina,Sampdoria,70.33,59.04,0.5397,0.2142,0.2461,1.79,1.04,30.8,27.4,1.0,2.0,0.0,0.0,1.0,1.0,2.0,1.0,0.0,16.0,6.0,11.0,8.0,0.0,0.0,1.0,0.0,0.0,2.0,1.0,1.0,0.0,14.0,10.0,16.0,4.0,3.0,0.0
2020,03/10/20,1854,italy,Sassuolo,Crotone,66.58,51.42,0.5767,0.1886,0.2347,1.9,0.98,22.9,37.7,4.0,1.0,1.0,0.0,0.0,4.0,1.0,0.0,1.0,7.0,4.0,15.0,3.0,2.0,0.0,0.0,0.0,1.0,1.0,0.0,4.0,1.0,10.0,6.0,15.0,4.0,3.0,0.0
2020,03/10/20,1854,italy,Udinese,Roma,61.16,75.65,0.2437,0.4985,0.2578,1.09,1.67,29.2,47.3,0.0,1.0,0.0,0.0,1.0,0.0,1.0,0.0,0.0,9.0,5.0,15.0,4.0,1.0,0.0,1.0,0.0,0.0,1.0,0.0,0.0,0.0,8.0,3.0,10.0,1.0,0.0,0.0
2020,04/10/20,1854,italy,Atalanta,Cagliari,79.97,55.76,0.7495,0.0847,0.1658,2.43,0.69,67.6,31.1,5.0,2.0,1.0,0.0,0.0,5.0,2.0,1.0,4.0,19.0,14.0,11.0,3.0,0.0,0.0,0.0,0.0,1.0,2.0,1.0,5.0,4.0,7.0,3.0,9.0,9.0,0.0,0.0
2020,04/10/20,1854,italy,Benevento,Bologna,54.71,59.71,0.3723,0.3547,0.273,1.37,1.33,35.5,25.1,1.0,0.0,1.0,0.0,0.0,1.0,0.0,0.0,0.0,6.0,3.0,13.0,4.0,2.0,0.0,0.0,0.0,1.0,0.0,0.0,1.0,0.0,13.0,7.0,15.0,10.0,1.0,0.0
2020,04/10/20,1854,italy,Lazio,Inter,72.09,84.16,0.2566,0.5176,0.2258,1.41,2.06,48.4,70.0,1.0,1.0,0.0,1.0,0.0,1.0,1.0,1.0,0.0,11.0,5.0,14.0,7.0,3.0,1.0,0.0,1.0,0.0,1.0,1.0,1.0,0.0,10.0,4.0,13.0,8.0,4.0,1.0
2020,04/10/20,1854,italy,Parma,Verona,55.17,58.63,0.3964,0.3315,0.272,1.43,1.28,37.2,27.5,1.0,0.0,1.0,0.0,0.0,1.0,0.0,0.0,1.0,7.0,5.0,11.0,7.0,1.0,0.0,0.0,0.0,1.0,0.0,0.0,1.0,1.0,8.0,5.0,19.0,6.0,1.0,0.0
2020,04/10/20,1854,italy,Milan,Spezia,79.82,51.98,0.7842,0.0616,0.1543,2.41,0.52,62.6,34.9,3.0,0.0,1.0,0.0,0.0,3.0,0.0,0.0,0.0,10.0,5.0,14.0,4.0,1.0,0.0,0.0,0.0,1.0,0.0,0.0,3.0,0.0,3.0,2.0,19.0,6.0,2.0,0.0
2020,17/10/20,1854,italy,Napoli,Atalanta,81.13,79.83,0.4397,0.3131,0.2472,1.73,1.43,69.3,64.0,4.0,1.0,1.0,0.0,0.0,4.0,1.0,0.0,4.0,18.0,14.0,12.0,6.0,1.0,0.0,3.0,0.0,0.0,13.0,10.0,5.0,3.0,39.0,27.0,34.0,12.0,4.0,0.0
2020,17/10/20,1854,italy,Sampdoria,Lazio,59.93,72.35,0.2797,0.4707,0.2496,1.29,1.74,22.5,37.5,3.0,0.0,1.0,0.0,2.0,4.0,7.0,2.0,3.0,29.0,16.0,42.0,14.0,7.0,0.0,1.0,1.0,1.0,4.0,1.0,5.0,4.0,31.0,20.0,43.0,20.0,11.0,1.0
2020,17/10/20,1854,italy,Inter,Milan,84.03,80.64,0.4883,0.2735,0.2383,1.88,1.36,75.0,62.1,1.0,2.0,2.0,1.0,0.0,10.0,6.0,2.0,6.0,40.0,22.0,43.0,14.0,5.0,1.0,3.0,0.0,0.0,7.0,2.0,0.0,0.0,35.0,18.0,42.0,16.0,7.0,0.0
2020,17/10/20,1854,italy,Crotone,Juventus,51.99,82.21,0.1268,0.6795,0.1937,0.87,2.26,42.2,56.8,1.0,1.0,0.0,0.0,3.0,2.0,10.0,5.0,1.0,26.0,12.0,43.0,10.0,6.0,0.0,0.0,1.0,0.0,1.0,1.0,1.0,1.0,8.0,3.0,14.0,4.0,3.0,1.0
2020,18/10/20,1854,italy,Bologna,Sassuolo,60.04,65.73,0.3535,0.3905,0.256,1.47,1.56,23.4,22.2,3.0,4.0,1.0,0.0,2.0,4.0,4.0,1.0,2.0,30.0,20.0,44.0,22.0,7.0,1.0,2.0,1.0,0.0,9.0,2.0,3.0,1.0,38.0,22.0,32.0,15.0,4.0,0.0
2020,18/10/20,1854,italy,Spezia,Fiorentina,51.06,69.33,0.2489,0.4888,0.2623,1.08,1.62,40.0,22.9,2.0,2.0,1.0,0.0,2.0,3.0,7.0,1.0,2.0,18.0,11.0,49.0,11.0,9.0,1.0,1.0,0.0,2.0,5.0,1.0,6.0,2.0,41.0,18.0,38.0,13.0,4.0,0.0
2020,18/10/20,1854,italy,Torino,Cagliari,57.44,55.47,0.4404,0.2915,0.2681,1.53,1.19,41.5,37.9,2.0,3.0,0.0,0.0,1.0,2.0,3.0,2.0,1.0,10.0,6.0,14.0,2.0,2.0,1.0,0.0,1.0,2.0,3.0,1.0,8.0,5.0,24.0,10.0,35.0,15.0,4.0,0.0
2020,18/10/20,1854,italy,Udinese,Parma,61.72,55.51,0.4619,0.2625,0.2756,1.48,1.05,35.2,36.4,3.0,2.0,0.0,0.0,3.0,0.0,4.0,1.0,0.0,33.0,16.0,41.0,15.0,1.0,0.0,1.0,0.0,2.0,2.0,1.0,6.0,2.0,19.0,11.0,36.0,20.0,7.0,1.0
2020,18/10/20,1854,italy,Roma,Benevento,75.26,54.58,0.6711,0.1267,0.2022,2.15,0.81,53.3,26.2,5.0,2.0,1.0,2.0,0.0,3.0,2.0,1.0,2.0,30.0,16.0,49.0,12.0,2.0,0.0,2.0,0.0,1.0,6.0,2.0,7.0,6.0,28.0,16.0,35.0,13.0,4.0,0.0
2020,19/10/20,1854,italy,Verona,Genoa,58.65,54.87,0.4419,0.2868,0.2713,1.5,1.16,33.1,33.2,0.0,0.0,1.0,1.0,1.0,1.0,1.0,1.0,0.0,25.0,14.0,51.0,7.0,4.0,0.0,0.0,1.0,0.0,0.0,0.0,0.0,0.0,5.0,2.0,15.0,2.0,4.0,0.0
2020,23/10/20,1854,italy,Sassuolo,Torino,66.48,56.78,0.5335,0.236,0.2305,1.99,1.26,28.4,34.2,3.0,3.0,3.0,0.0,0.0,12.0,5.0,3.0,3.0,37.0,24.0,35.0,19.0,5.0,0.0,0.0,0.0,3.0,4.0,3.0,8.0,5.0,21.0,14.0,45.0,5.0,4.0,1.0
2020,24/10/20,1854,italy,Atalanta,Sampdoria,79.96,62.0,0.6743,0.1384,0.1873,2.41,1.01,58.6,20.6,1.0,3.0,2.0,0.0,1.0,10.0,7.0,5.0,7.0,38.0,23.0,45.0,8.0,5.0,0.0,2.0,0.0,1.0,7.0,5.0,4.0,1.0,30.0,22.0,45.0,13.0,8.0,0.0
2020,24/10/20,1854,italy,Genoa,Inter,54.67,84.08,0.1181,0.7119,0.17,0.98,2.6,30.3,64.5,0.0,2.0,1.0,1.0,1.0,4.0,7.0,2.0,3.0,18.0,11.0,41.0,10.0,10.0,0.0,1.0,1.0,1.0,7.0,6.0,5.0,3.0,40.0,22.0,46.0,12.0,7.0,1.0
2020,24/10/20,1854,italy,Lazio,Bologna,71.17,58.69,0.5614,0.2067,0.2319,1.95,1.1,30.3,27.9,2.0,1.0,0.0,1.0,2.0,2.0,8.0,6.0,0.0,30.0,14.0,40.0,17.0,12.0,1.0,1.0,0.0,2.0,7.0,4.0,6.0,1.0,35.0,22.0,47.0,25.0,4.0,0.0
2020,25/10/20,1854,italy,Cagliari,Crotone,55.92,53.04,0.4392,0.2854,0.2754,1.46,1.13,36.6,43.7,4.0,2.0,1.0,0.0,2.0,5.0,9.0,6.0,3.0,25.0,13.0,33.0,16.0,4.0,0.0,0.0,1.0,2.0,2.0,1.0,7.0,3.0,24.0,10.0,46.0,9.0,7.0,0.0
2020,25/10/20,1854,italy,Parma,Spezia,54.81,51.45,0.457,0.2755,0.2676,1.55,1.14,44.0,45.4,2.0,2.0,1.0,0.0,2.0,4.0,7.0,3.0,2.0,22.0,12.0,31.0,18.0,5.0,1.0,1.0,1.0,1.0,4.0,2.0,5.0,2.0,13.0,7.0,51.0,13.0,9.0,1.0
2020,25/10/20,1854,italy,Benevento,Napoli,54.04,81.51,0.1422,0.6457,0.2121,0.86,2.08,30.2,59.3,1.0,2.0,1.0,0.0,2.0,5.0,10.0,6.0,2.0,25.0,14.0,30.0,13.0,5.0,0.0,3.0,0.0,0.0,12.0,5.0,1.0,0.0,48.0,32.0,30.0,12.0,3.0,0.0
2020,25/10/20,1854,italy,Fiorentina,Udinese,68.89,62.02,0.4865,0.2454,0.2681,1.56,1.03,18.5,25.2,3.0,2.0,0.0,1.0,2.0,6.0,8.0,3.0,3.0,31.0,16.0,39.0,14.0,3.0,0.0,1.0,0.0,2.0,3.0,1.0,5.0,2.0,28.0,14.0,40.0,17.0,4.0,0.0
2020,25/10/20,1854,italy,Juventus,Verona,82.0,59.33,0.7189,0.0942,0.1869,2.2,0.65,65.3,24.3,1.0,1.0,1.0,2.0,0.0,6.0,3.0,3.0,3.0,28.0,15.0,38.0,17.0,7.0,2.0,1.0,1.0,1.0,1.0,0.0,1.0,1.0,34.0,19.0,46.0,21.0,3.0,0.0
2020,26/10/20,1854,italy,Milan,Roma,80.73,75.33,0.4913,0.2662,0.2425,1.83,1.29,64.6,64.6,3.0,3.0,3.0,0.0,0.0,7.0,1.0,1.0,3.0,29.0,16.0,40.0,14.0,8.0,0.0,2.0,1.0,0.0,8.0,4.0,4.0,2.0,31.0,19.0,46.0,12.0,5.0,0.0
2020,31/10/20,1854,italy,Crotone,Atalanta,52.53,79.03,0.152,0.653,0.195,1.05,2.35,40.5,58.9,1.0,2.0,0.0,1.0,2.0,4.0,9.0,5.0,3.0,30.0,15.0,45.0,8.0,10.0,1.0,1.0,0.0,2.0,7.0,4.0,9.0,6.0,40.0,22.0,45.0,8.0,6.0,0.0
2020,31/10/20,1854,italy,Inter,Parma,85.4,55.7,0.8248,0.0548,0.1204,2.94,0.66,66.5,34.4,2.0,2.0,1.0,1.0,1.0,4.0,3.0,2.0,2.0,32.0,16.0,48.0,20.0,8.0,1.0,1.0,1.0,1.0,5.0,3.0,5.0,3.0,29.0,15.0,34.0,21.0,6.0,0.0
2020,31/10/20,1854,italy,Bologna,Cagliari,59.64,55.84,0.4612,0.2819,0.2569,1.65,1.24,33.9,30.0,3.0,2.0,0.0,0.0,3.0,4.0,7.0,1.0,2.0,40.0,20.0,50.0,26.0,6.0,0.0,2.0,0.0,1.0,9.0,6.0,9.0,7.0,31.0,18.0,38.0,18.0,5.0,0.0
2020,01/11/20,1854,italy,Udinese,Milan,62.86,81.08,0.1995,0.5624,0.2381,1.02,1.87,23.7,53.0,1.0,2.0,1.0,0.0,2.0,5.0,6.0,3.0,2.0,29.0,15.0,41.0,22.0,7.0,0.0,2.0,1.0,0.0,8.0,3.0,4.0,2.0,31.0,20.0,40.0,16.0,8.0,0.0
2020,01/11/20,1854,italy,Spezia,Juventus,50.09,80.92,0.1255,0.6813,0.1931,0.86,2.27,44.3,62.3,1.0,4.0,0.0,2.0,1.0,4.0,7.0,3.0,3.0,22.0,13.0,56.0,14.0,6.0,0.0,0.0,3.0,0.0,4.0,2.0,4.0,3.0,30.0,14.0,37.0,17.0,7.0,2.0
2020,01/11/20,1854,italy,Torino,Lazio,57.32,69.75,0.3004,0.4493,0.2503,1.36,1.71,36.9,28.2,3.0,4.0,0.0,1.0,2.0,7.0,10.0,5.0,4.0,29.0,23.0,37.0,12.0,5.0,1.0,1.0,1.0,1.0,3.0,0.0,5.0,3.0,25.0,10.0,38.0,18.0,8.0,1.0
2020,01/11/20,1854,italy,Roma,Fiorentina,74.8,67.74,0.5349,0.233,0.2321,1.97,1.23,54.9,25.2,2.0,0.0,2.0,1.0,0.0,9.0,5.0,2.0,3.0,35.0,22.0,42.0,14.0,5.0,0.0,1.0,1.0,1.0,6.0,4.0,6.0,3.0,27.0,15.0,45.0,15.0,3.0,0.0
2020,01/11/20,1854,italy,Napoli,Sassuolo,81.87,65.63,0.6356,0.1591,0.2054,2.21,1.01,58.4,30.5,0.0,2.0,3.0,0.0,0.0,12.0,2.0,1.0,5.0,50.0,33.0,31.0,25.0,3.0,0.0,2.0,1.0,0.0,11.0,2.0,7.0,3.0,40.0,25.0,37.0,20.0,6.0,0.0
2020,01/11/20,1854,italy,Sampdoria,Genoa,63.24,53.97,0.5014,0.2448,0.2537,1.71,1.12,14.1,34.0,1.0,1.0,3.0,0.0,0.0,8.0,2.0,0.0,4.0,30.0,22.0,46.0,8.0,9.0,0.0,0.0,1.0,2.0,0.0,0.0,8.0,1.0,9.0,3.0,39.0,5.0,7.0,0.0
2020,02/11/20,1854,italy,Verona,Benevento,59.51,53.55,0.4544,0.2697,0.2759,1.47,1.07,26.8,34.0,3.0,1.0,0.0,2.0,1.0,1.0,2.0,1.0,0.0,31.0,19.0,52.0,23.0,6.0,0.0,1.0,0.0,2.0,4.0,2.0,7.0,2.0,20.0,10.0,38.0,11.0,7.0,0.0
2020,04/11/20,1854,italy,Genoa,Torino,54.84,57.3,0.3788,0.3554,0.2658,1.44,1.39,36.9,41.2,1.0,2.0,0.0,2.0,1.0,1.0,3.0,1.0,1.0,13.0,6.0,37.0,7.0,6.0,0.0,0.0,1.0,2.0,8.0,4.0,10.0,3.0,32.0,24.0,37.0,17.0,6.0,1.0
2020,06/11/20,1854,italy,Sassuolo,Udinese,66.5,62.68,0.4836,0.2693,0.2471,1.77,1.27,30.0,24.5,0.0,0.0,2.0,1.0,0.0,9.0,6.0,3.0,1.0,41.0,26.0,31.0,20.0,6.0,0.0,1.0,0.0,2.0,6.0,2.0,7.0,4.0,27.0,13.0,40.0,20.0,8.0,0.0
2020,07/11/20,1854,italy,Cagliari,Sampdoria,55.68,62.62,0.3662,0.3736,0.2602,1.47,1.48,34.7,14.5,2.0,0.0,2.0,0.0,1.0,9.0,7.0,4.0,6.0,30.0,19.0,48.0,12.0,8.0,0.0,2.0,1.0,0.0,7.0,4.0,2.0,1.0,25.0,15.0,49.0,11.0,11.0,0.0
2020,07/11/20,1854,italy,Benevento,Spezia,53.15,49.66,0.4562,0.2802,0.2636,1.58,1.19,44.0,45.0,0.0,3.0,0.0,0.0,3.0,4.0,10.0,3.0,2.0,24.0,12.0,39.0,12.0,9.0,1.0,0.0,2.0,1.0,5.0,4.0,8.0,4.0,30.0,14.0,51.0,12.0,7.0,0.0
2020,07/11/20,1854,italy,Parma,Fiorentina,56.01,66.11,0.3396,0.4065,0.2539,1.45,1.61,35.8,13.0,0.0,0.0,0.0,2.0,1.0,6.0,7.0,3.0,2.0,26.0,13.0,30.0,16.0,6.0,0.0,1.0,1.0,1.0,5.0,4.0,6.0,3.0,14.0,10.0,50.0,11.0,5.0,1.0
2020,08/11/20,1854,italy,Lazio,Juventus,69.78,81.79,0.2625,0.5052,0.2323,1.37,1.97,42.5,69.0,1.0,1.0,2.0,0.0,1.0,6.0,7.0,4.0,1.0,23.0,10.0,36.0,12.0,9.0,0.0,1.0,2.0,0.0,6.0,2.0,3.0,2.0,32.0,16.0,35.0,13.0,5.0,1.0
2020,08/11/20,1854,italy,Torino,Crotone,57.02,51.6,0.4756,0.2677,0.2567,1.67,1.19,39.5,46.4,0.0,0.0,1.0,1.0,1.0,8.0,8.0,1.0,5.0,28.0,19.0,41.0,17.0,8.0,0.0,0.0,1.0,2.0,4.0,4.0,7.0,6.0,24.0,11.0,41.0,5.0,8.0,1.0
2020,08/11/20,1854,italy,Genoa,Roma,55.23,77.05,0.1846,0.5928,0.2226,1.05,2.04,34.1,57.1,1.0,3.0,0.0,1.0,2.0,2.0,5.0,3.0,1.0,17.0,8.0,32.0,10.0,4.0,0.0,2.0,1.0,0.0,10.0,4.0,5.0,2.0,38.0,26.0,49.0,20.0,8.0,0.0
2020,08/11/20,1854,italy,Atalanta,Inter,78.39,85.1,0.3303,0.4417,0.228,1.7,1.98,65.9,70.7,1.0,1.0,1.0,0.0,2.0,4.0,8.0,6.0,2.0,37.0,15.0,56.0,8.0,9.0,0.0,1.0,1.0,1.0,5.0,1.0,4.0,2.0,40.0,21.0,48.0,27.0,5.0,0.0
2020,08/11/20,1854,italy,Bologna,Napoli,59.55,81.34,0.175,0.5992,0.2257,0.97,1.98,23.2,62.4,0.0,1.0,1.0,0.0,2.0,7.0,8.0,2.0,3.0,43.0,24.0,47.0,23.0,8.0,0.0,2.0,0.0,1.0,6.0,4.0,4.0,1.0,50.0,29.0,32.0,33.0,4.0,0.0
2020,08/11/20,1854,italy,Milan,Verona,79.96,59.55,0.6973,0.1073,0.1954,2.16,0.71,66.5,18.0,2.0,2.0,2.0,1.0,0.0,7.0,5.0,2.0,4.0,29.0,19.0,38.0,16.0,9.0,0.0,1.0,2.0,0.0,4.0,1.0,2.0,0.0,33.0,21.0,51.0,21.0,10.0,0.0
2020,21/11/20,1854,italy,Crotone,Lazio,52.51,70.11,0.2499,0.4966,0.2535,1.14,1.71,47.3,31.1,0.0,2.0,0.0,1.0,2.0,3.0,6.0,5.0,3.0,22.0,10.0,40.0,5.0,9.0,2.0,2.0,1.0,0.0,7.0,1.0,5.0,3.0,22.0,12.0,38.0,13.0,9.0,0.0
2020,21/11/20,1854,italy,Spezia,Atalanta,52.04,78.74,0.1486,0.6554,0.196,1.01,2.32,37.1,60.5,0.0,0.0,1.0,1.0,1.0,6.0,6.0,2.0,4.0,37.0,19.0,54.0,11.0,8.0,0.0,1.0,1.0,1.0,4.0,2.0,5.0,2.0,35.0,16.0,48.0,8.0,7.0,0.0
2020,21/11/20,1854,italy,Juventus,Cagliari,81.61,57.0,0.7765,0.0729,0.1506,2.58,0.66,65.2,18.8,2.0,0.0,1.0,2.0,0.0,6.0,3.0,1.0,2.0,33.0,19.0,33.0,11.0,4.0,0.0,2.0,0.0,1.0,8.0,4.0,5.0,3.0,34.0,19.0,44.0,10.0,5.0,0.0
2020,22/11/20,1854,italy,Fiorentina,Benevento,66.84,50.92,0.5561,0.2029,0.2411,1.84,1.02,13.5,40.9,0.0,1.0,1.0,1.0,1.0,3.0,4.0,2.0,2.0,13.0,8.0,49.0,9.0,5.0,1.0,0.0,0.0,3.0,2.0,1.0,8.0,2.0,20.0,11.0,45.0,10.0,10.0,1.0
2020,22/11/20,1854,italy,Inter,Torino,84.87,56.96,0.8088,0.0593,0.1319,2.76,0.63,64.0,31.8,4.0,2.0,1.0,2.0,0.0,5.0,3.0,0.0,0.0,38.0,18.0,43.0,29.0,5.0,0.0,1.0,1.0,1.0,5.0,4.0,5.0,1.0,19.0,8.0,44.0,15.0,9.0,0.0
2020,22/11/20,1854,italy,Roma,Parma,77.94,55.9,0.6955,0.1212,0.1832,2.39,0.9,58.6,31.2,3.0,0.0,2.0,1.0,0.0,8.0,4.0,1.0,3.0,40.0,27.0,43.0,22.0,5.0,0.0,0.0,3.0,0.0,4.0,1.0,4.0,2.0,24.0,10.0,36.0,16.0,5.0,0.0
2020,22/11/20,1854,italy,Verona,Sassuolo,59.13,66.57,0.3251,0.4191,0.2558,1.39,1.61,17.9,26.8,0.0,2.0,1.0,2.0,0.0,6.0,4.0,1.0,3.0,20.0,12.0,57.0,8.0,12.0,0.0,1.0,2.0,0.0,5.0,0.0,3.0,1.0,24.0,15.0,36.0,12.0,6.0,0.0
2020,22/11/20,1854,italy,Sampdoria,Bologna,61.63,59.34,0.4284,0.3092,0.2624,1.56,1.29,16.3,30.1,1.0,2.0,1.0,1.0,1.0,4.0,4.0,1.0,2.0,19.0,8.0,53.0,14.0,11.0,1.0,1.0,0.0,2.0,4.0,1.0,5.0,2.0,38.0,21.0,39.0,20.0,9.0,0.0
2020,22/11/20,1854,italy,Udinese,Genoa,63.23,54.17,0.4853,0.2337,0.2809,1.46,0.92,35.1,43.1,1.0,0.0,0.0,1.0,2.0,3.0,5.0,3.0,1.0,18.0,9.0,41.0,15.0,7.0,0.0,0.0,1.0,2.0,3.0,1.0,6.0,4.0,23.0,13.0,31.0,10.0,4.0,0.0
2020,22/11/20,1854,italy,Napoli,Milan,81.68,79.92,0.4396,0.3018,0.2586,1.61,1.3,68.3,65.9,1.0,3.0,2.0,0.0,1.0,3.0,3.0,1.0,1.0,40.0,19.0,31.0,34.0,3.0,0.0,1.0,2.0,0.0,7.0,3.0,6.0,3.0,42.0,24.0,43.0,25.0,6.0,0.0
2020,28/11/20,1854,italy,Sassuolo,Inter,66.5,83.04,0.2236,0.5615,0.2149,1.34,2.21,40.8,59.4,0.0,3.0,2.0,1.0,0.0,4.0,0.0,0.0,1.0,21.0,11.0,46.0,7.0,7.0,0.0,1.0,2.0,0.0,7.0,0.0,5.0,1.0,37.0,19.0,46.0,21.0,7.0,0.0
2020,28/11/20,1854,italy,Benevento,Juventus,51.93,81.89,0.1255,0.6862,0.1882,0.89,2.34,34.1,61.4,1.0,1.0,1.0,0.0,2.0,2.0,6.0,2.0,0.0,24.0,12.0,43.0,11.0,10.0,1.0,2.0,1.0,0.0,7.0,4.0,2.0,1.0,30.0,19.0,30.0,14.0,6.0,0.0
2020,28/11/20,1854,italy,Atalanta,Verona,80.03,59.46,0.6992,0.113,0.1878,2.28,0.8,61.2,19.6,0.0,2.0,1.0,2.0,0.0,3.0,2.0,1.0,2.0,34.0,16.0,55.0,7.0,7.0,0.0,1.0,1.0,1.0,5.0,3.0,5.0,2.0,28.0,17.0,51.0,11.0,9.0,0.0
2020,29/11/20,1854,italy,Lazio,Udinese,72.01,62.77,0.5492,0.2001,0.2507,1.73,0.95,45.6,24.4,1.0,3.0,2.0,1.0,0.0,7.0,4.0,3.0,2.0,29.0,17.0,35.0,11.0,10.0,0.0,1.0,1.0,1.0,2.0,1.0,2.0,1.0,14.0,7.0,44.0,12.0,6.0,0.0
2020,29/11/20,1854,italy,Bologna,Crotone,60.58,52.14,0.4966,0.2369,0.2665,1.58,1.01,32.2,43.6,1.0,0.0,2.0,0.0,1.0,5.0,4.0,3.0,2.0,29.0,20.0,33.0,21.0,8.0,0.0,0.0,1.0,2.0,1.0,1.0,4.0,3.0,23.0,10.0,38.0,6.0,8.0,1.0
2020,29/11/20,1854,italy,Milan,Fiorentina,80.54,66.27,0.6393,0.1501,0.2107,2.12,0.92,60.8,13.6,2.0,0.0,2.0,1.0,0.0,7.0,4.0,2.0,3.0,40.0,20.0,44.0,23.0,7.0,0.0,0.0,1.0,2.0,0.0,0.0,3.0,1.0,14.0,8.0,47.0,11.0,6.0,1.0
2020,29/11/20,1854,italy,Cagliari,Spezia,56.2,52.54,0.4497,0.2785,0.2718,1.5,1.13,34.6,41.8,2.0,2.0,1.0,0.0,2.0,4.0,5.0,3.0,1.0,21.0,11.0,38.0,6.0,5.0,0.0,1.0,1.0,1.0,4.0,2.0,4.0,1.0,30.0,13.0,51.0,9.0,9.0,0.0
2020,29/11/20,1854,italy,Napoli,Roma,80.89,79.17,0.4421,0.301,0.257,1.63,1.31,71.9,67.8,4.0,0.0,1.0,0.0,2.0,2.0,5.0,1.0,1.0,42.0,20.0,26.0,27.0,5.0,1.0,3.0,0.0,0.0,8.0,5.0,1.0,0.0,41.0,25.0,33.0,19.0,3.0,0.0
2020,30/11/20,1854,italy,Torino,Sampdoria,57.76,60.53,0.4113,0.328,0.2606,1.55,1.36,43.4,23.4,2.0,2.0,1.0,1.0,1.0,4.0,5.0,0.0,3.0,22.0,8.0,47.0,9.0,9.0,0.0,0.0,1.0,2.0,2.0,2.0,5.0,2.0,22.0,8.0,45.0,22.0,9.0,1.0
2020,30/11/20,1854,italy,Genoa,Parma,54.98,54.44,0.4114,0.3123,0.2763,1.42,1.2,47.5,46.4,1.0,2.0,0.0,0.0,3.0,2.0,6.0,4.0,0.0,21.0,10.0,35.0,14.0,6.0,1.0,0.0,2.0,1.0,2.0,0.0,5.0,3.0,10.0,4.0,28.0,5.0,2.0,0.0
2020,05/12/20,1854,italy,Spezia,Lazio,53.45,71.66,0.2371,0.5223,0.2406,1.18,1.86,34.7,31.6,1.0,2.0,1.0,2.0,0.0,5.0,2.0,0.0,2.0,31.0,15.0,55.0,10.0,10.0,0.0,1.0,1.0,1.0,4.0,1.0,4.0,3.0,28.0,18.0,39.0,14.0,9.0,0.0
2020,05/12/20,1854,italy,Juventus,Torino,82.22,57.72,0.7659,0.0803,0.1537,2.59,0.72,66.9,37.2,2.0,1.0,1.0,2.0,0.0,4.0,2.0,1.0,4.0,33.0,19.0,36.0,19.0,6.0,1.0,0.0,2.0,1.0,4.0,2.0,6.0,0.0,27.0,15.0,46.0,13.0,6.0,0.0
2020,05/12/20,1854,italy,Inter,Bologna,83.82,61.41,0.7628,0.0817,0.1555,2.57,0.73,68.5,14.9,3.0,1.0,2.0,1.0,0.0,8.0,3.0,1.0,2.0,28.0,14.0,49.0,8.0,7.0,0.0,2.0,0.0,1.0,3.0,2.0,2.0,2.0,24.0,16.0,36.0,24.0,7.0,0.0
2020,06/12/20,1854,italy,Verona,Cagliari,60.65,54.72,0.4543,0.2791,0.2665,1.55,1.16,16.7,30.9,1.0,1.0,1.0,1.0,1.0,4.0,4.0,2.0,2.0,25.0,13.0,48.0,8.0,7.0,0.0,1.0,1.0,1.0,4.0,0.0,4.0,3.0,24.0,11.0,35.0,7.0,2.0,0.0
2020,06/12/20,1854,italy,Parma,Benevento,55.1,52.44,0.446,0.2897,0.2644,1.56,1.21,39.4,38.4,0.0,0.0,1.0,1.0,1.0,2.0,4.0,3.0,1.0,13.0,4.0,37.0,5.0,3.0,0.0,1.0,1.0,1.0,2.0,1.0,4.0,2.0,22.0,12.0,42.0,11.0,12.0,0.0
2020,06/12/20,1854,italy,Roma,Sassuolo,78.56,66.22,0.5992,0.188,0.2128,2.18,1.15,66.8,34.8,0.0,0.0,2.0,0.0,1.0,6.0,5.0,1.0,4.0,34.0,19.0,26.0,16.0,2.0,0.0,1.0,1.0,1.0,2.0,1.0,3.0,2.0,20.0,9.0,50.0,10.0,8.0,0.0
2020,06/12/20,1854,italy,Crotone,Napoli,51.58,81.49,0.1269,0.655,0.218,0.73,1.96,41.3,61.2,0.0,4.0,0.0,1.0,2.0,0.0,3.0,2.0,0.0,24.0,9.0,45.0,8.0,11.0,1.0,2.0,0.0,1.0,6.0,2.0,3.0,1.0,37.0,22.0,22.0,26.0,4.0,1.0
2020,06/12/20,1854,italy,Sampdoria,Milan,60.45,80.79,0.1751,0.6116,0.2133,1.06,2.14,17.8,69.9,1.0,2.0,0.0,1.0,2.0,3.0,6.0,2.0,1.0,20.0,7.0,43.0,17.0,6.0,1.0,2.0,1.0,0.0,7.0,4.0,3.0,2.0,43.0,21.0,47.0,22.0,7.0,0.0
2020,07/12/20,1854,italy,Fiorentina,Genoa,65.61,54.28,0.5081,0.2249,0.267,1.58,0.96,22.7,46.0,1.0,1.0,0.0,1.0,2.0,0.0,3.0,2.0,0.0,16.0,10.0,46.0,13.0,8.0,0.0,0.0,0.0,3.0,2.0,0.0,6.0,3.0,24.0,11.0,37.0,11.0,6.0,1.0
2020,11/12/20,1854,italy,Sassuolo,Benevento,66.7,52.84,0.563,0.1981,0.2389,1.86,1.01,24.5,33.6,1.0,0.0,1.0,1.0,1.0,2.0,3.0,2.0,1.0,24.0,10.0,45.0,12.0,9.0,0.0,1.0,2.0,0.0,2.0,1.0,1.0,1.0,24.0,13.0,41.0,12.0,13.0,0.0
2020,12/12/20,1854,italy,Crotone,Spezia,50.82,54.65,0.3616,0.3458,0.2926,1.22,1.18,41.0,42.7,4.0,1.0,0.0,0.0,3.0,0.0,7.0,3.0,0.0,21.0,8.0,43.0,9.0,10.0,1.0,0.0,2.0,1.0,3.0,1.0,4.0,2.0,29.0,14.0,52.0,13.0,10.0,0.0
2020,12/12/20,1854,italy,Torino,Udinese,58.05,64.21,0.3836,0.3384,0.278,1.36,1.26,41.9,20.3,2.0,3.0,0.0,1.0,2.0,5.0,8.0,0.0,3.0,27.0,16.0,41.0,8.0,6.0,0.0,2.0,1.0,0.0,4.0,3.0,1.0,0.0,13.0,8.0,40.0,14.0,8.0,0.0
2020,12/12/20,1854,italy,Lazio,Verona,71.09,60.39,0.5646,0.2014,0.234,1.92,1.06,33.4,12.7,1.0,2.0,2.0,0.0,1.0,5.0,4.0,2.0,3.0,24.0,17.0,39.0,10.0,8.0,0.0,1.0,1.0,1.0,3.0,1.0,3.0,1.0,32.0,16.0,39.0,14.0,6.0,0.0
2020,13/12/20,1854,italy,Cagliari,Inter,54.73,83.61,0.1274,0.6947,0.1779,0.99,2.52,27.6,57.5,1.0,3.0,0.0,2.0,1.0,3.0,5.0,4.0,0.0,20.0,9.0,37.0,10.0,2.0,0.0,3.0,0.0,0.0,10.0,4.0,3.0,1.0,29.0,20.0,48.0,10.0,5.0,0.0
2020,13/12/20,1854,italy,Atalanta,Fiorentina,79.32,65.63,0.6307,0.1553,0.214,2.09,0.93,62.4,13.4,3.0,0.0,0.0,2.0,1.0,1.0,3.0,0.0,0.0,33.0,15.0,45.0,8.0,6.0,0.0,0.0,1.0,2.0,1.0,0.0,4.0,2.0,26.0,14.0,36.0,15.0,8.0,0.0
2020,13/12/20,1854,italy,Napoli,Sampdoria,81.17,60.37,0.6945,0.1083,0.1972,2.14,0.7,67.2,17.9,2.0,1.0,2.0,0.0,1.0,9.0,3.0,1.0,2.0,40.0,24.0,20.0,20.0,7.0,1.0,0.0,1.0,2.0,4.0,1.0,6.0,3.0,21.0,9.0,38.0,20.0,6.0,0.0
2020,13/12/20,1854,italy,Bologna,Roma,61.68,77.87,0.217,0.5492,0.2337,1.14,1.94,15.9,59.6,1.0,5.0,2.0,0.0,1.0,4.0,4.0,3.0,2.0,27.0,19.0,37.0,23.0,6.0,0.0,1.0,1.0,1.0,3.0,3.0,4.0,1.0,30.0,13.0,25.0,20.0,7.0,1.0
2020,13/12/20,1854,italy,Genoa,Juventus,54.07,83.11,0.1305,0.6723,0.1972,0.87,2.23,45.2,62.3,1.0,3.0,0.0,1.0,2.0,2.0,4.0,2.0,0.0,20.0,9.0,47.0,11.0,7.0,1.0,2.0,1.0,0.0,5.0,3.0,2.0,2.0,33.0,18.0,41.0,30.0,7.0,2.0
2020,13/12/20,1854,italy,Milan,Parma,80.24,55.38,0.7543,0.0818,0.1638,2.44,0.67,69.8,33.5,2.0,2.0,3.0,0.0,0.0,7.0,2.0,0.0,4.0,31.0,18.0,47.0,14.0,7.0,0.0,1.0,1.0,1.0,2.0,1.0,4.0,3.0,14.0,4.0,33.0,9.0,6.0,0.0
2020,15/12/20,1854,italy,Udinese,Crotone,64.72,51.69,0.5067,0.2124,0.2809,1.47,0.85,15.9,45.9,0.0,0.0,3.0,0.0,0.0,7.0,3.0,0.0,4.0,18.0,11.0,44.0,10.0,9.0,0.0,1.0,0.0,2.0,4.0,1.0,6.0,3.0,16.0,9.0,48.0,8.0,10.0,1.0
2020,15/12/20,1854,italy,Benevento,Lazio,54.6,70.31,0.264,0.4865,0.2495,1.23,1.75,32.4,20.7,1.0,1.0,0.0,2.0,1.0,1.0,2.0,2.0,1.0,31.0,16.0,39.0,18.0,14.0,0.0,1.0,0.0,2.0,4.0,2.0,6.0,3.0,19.0,13.0,41.0,9.0,9.0,0.0
2020,16/12/20,1854,italy,Juventus,Atalanta,83.9,80.59,0.4646,0.2932,0.2422,1.82,1.41,67.1,76.2,1.0,1.0,2.0,1.0,0.0,6.0,3.0,2.0,1.0,35.0,19.0,44.0,31.0,7.0,2.0,1.0,1.0,1.0,3.0,1.0,2.0,0.0,38.0,21.0,47.0,17.0,6.0,0.0
2020,16/12/20,1854,italy,Fiorentina,Sassuolo,64.09,65.04,0.3981,0.3371,0.2649,1.49,1.35,21.7,24.9,1.0,1.0,0.0,1.0,2.0,1.0,6.0,3.0,0.0,24.0,13.0,35.0,13.0,8.0,0.0,1.0,1.0,1.0,1.0,1.0,3.0,2.0,18.0,7.0,37.0,12.0,8.0,1.0
2020,16/12/20,1854,italy,Verona,Sampdoria,61.34,60.54,0.4068,0.319,0.2741,1.43,1.23,9.9,21.2,1.0,2.0,2.0,1.0,0.0,5.0,2.0,0.0,2.0,22.0,12.0,41.0,11.0,8.0,0.0,0.0,1.0,2.0,4.0,1.0,6.0,2.0,17.0,8.0,41.0,16.0,8.0,0.0
2020,16/12/20,1854,italy,Genoa,Milan,52.88,79.78,0.1558,0.633,0.2112,0.95,2.13,47.4,54.7,2.0,2.0,0.0,1.0,2.0,3.0,6.0,1.0,0.0,17.0,10.0,45.0,3.0,7.0,0.0,2.0,1.0,0.0,6.0,3.0,3.0,1.0,36.0,21.0,43.0,22.0,6.0,0.0
2020,16/12/20,1854,italy,Parma,Cagliari,55.94,54.85,0.4244,0.3134,0.2622,1.56,1.3,35.9,32.7,0.0,0.0,1.0,2.0,0.0,4.0,3.0,0.0,2.0,18.0,6.0,43.0,9.0,9.0,0.0,0.0,2.0,1.0,4.0,1.0,6.0,2.0,25.0,11.0,40.0,12.0,2.0,0.0
2020,16/12/20,1854,italy,Inter,Napoli,83.48,81.06,0.4731,0.276,0.2508,1.73,1.27,82.1,66.6,1.0,0.0,3.0,0.0,0.0,9.0,2.0,1.0,4.0,40.0,24.0,45.0,18.0,3.0,0.0,3.0,0.0,0.0,10.0,2.0,1.0,1.0,37.0,23.0,19.0,19.0,7.0,0.0
2020,16/12/20,1854,italy,Spezia,Bologna,53.45,59.73,0.3689,0.3611,0.2699,1.39,1.37,47.2,24.7,2.0,2.0,0.0,1.0,2.0,4.0,8.0,3.0,2.0,32.0,16.0,47.0,16.0,10.0,0.0,1.0,0.0,2.0,3.0,2.0,8.0,7.0,24.0,15.0,44.0,14.0,8.0,0.0
2020,17/12/20,1854,italy,Roma,Torino,79.31,57.3,0.6983,0.1216,0.1802,2.44,0.92,65.9,36.6,3.0,1.0,1.0,1.0,1.0,5.0,5.0,2.0,5.0,31.0,14.0,29.0,21.0,9.0,1.0,0.0,1.0,2.0,5.0,2.0,7.0,1.0,22.0,15.0,36.0,9.0,7.0,0.0
2020,19/12/20,1854,italy,Fiorentina,Verona,64.11,60.78,0.462,0.2653,0.2727,1.51,1.08,26.1,11.1,1.0,1.0,0.0,2.0,1.0,2.0,5.0,2.0,1.0,31.0,17.0,39.0,11.0,8.0,0.0,1.0,1.0,1.0,4.0,2.0,4.0,1.0,21.0,15.0,46.0,16.0,7.0,1.0
2020,19/12/20,1854,italy,Sampdoria,Crotone,61.07,51.95,0.491,0.2361,0.2729,1.53,0.97,22.1,48.0,3.0,1.0,1.0,0.0,2.0,4.0,5.0,1.0,2.0,16.0,9.0,41.0,17.0,10.0,0.0,1.0,1.0,1.0,4.0,1.0,5.0,2.0,15.0,10.0,47.0,6.0,10.0,1.0
2020,19/12/20,1854,italy,Parma,Juventus,56.49,84.01,0.1318,0.6697,0.1985,0.87,2.22,30.0,57.6,0.0,4.0,0.0,3.0,0.0,2.0,2.0,0.0,1.0,21.0,6.0,40.0,15.0,8.0,0.0,2.0,1.0,0.0,6.0,1.0,3.0,1.0,35.0,21.0,44.0,25.0,9.0,1.0
2020,20/12/20,1854,italy,Torino,Bologna,57.44,59.04,0.4254,0.321,0.2536,1.64,1.4,47.9,26.2,1.0,1.0,0.0,0.0,3.0,4.0,8.0,3.0,1.0,23.0,15.0,35.0,5.0,9.0,1.0,0.0,1.0,2.0,4.0,1.0,10.0,8.0,22.0,14.0,40.0,8.0,7.0,0.0
2020,20/12/20,1854,italy,Sassuolo,Milan,64.96,78.97,0.2439,0.5239,0.2322,1.29,1.97,25.8,59.9,1.0,2.0,1.0,2.0,0.0,2.0,1.0,1.0,2.0,23.0,11.0,35.0,7.0,9.0,1.0,1.0,2.0,0.0,6.0,1.0,5.0,1.0,33.0,20.0,41.0,29.0,7.0,0.0
2020,20/12/20,1854,italy,Benevento,Genoa,55.15,53.79,0.413,0.3046,0.2824,1.37,1.14,41.3,51.1,2.0,0.0,0.0,2.0,1.0,1.0,2.0,2.0,1.0,30.0,17.0,41.0,17.0,10.0,1.0,0.0,2.0,1.0,4.0,0.0,6.0,0.0,11.0,9.0,50.0,5.0,7.0,0.0
2020,20/12/20,1854,italy,Cagliari,Udinese,54.87,65.04,0.3413,0.3732,0.2854,1.22,1.28,34.9,14.7,1.0,1.0,0.0,2.0,1.0,2.0,4.0,1.0,1.0,21.0,11.0,35.0,13.0,3.0,0.0,2.0,1.0,0.0,6.0,3.0,3.0,0.0,19.0,13.0,40.0,15.0,8.0,0.0
2020,20/12/20,1854,italy,Inter,Spezia,82.94,53.83,0.8112,0.0571,0.1317,2.73,0.6,69.5,37.5,2.0,1.0,3.0,0.0,0.0,7.0,2.0,1.0,2.0,34.0,22.0,45.0,20.0,7.0,0.0,0.0,1.0,2.0,4.0,2.0,8.0,3.0,27.0,16.0,48.0,14.0,12.0,0.0
2020,20/12/20,1854,italy,Atalanta,Roma,80.49,79.2,0.4418,0.3148,0.2434,1.78,1.47,76.5,75.8,4.0,1.0,1.0,1.0,1.0,4.0,3.0,1.0,1.0,40.0,22.0,47.0,21.0,5.0,0.0,2.0,1.0,0.0,8.0,7.0,2.0,1.0,37.0,21.0,40.0,21.0,11.0,1.0
2020,20/12/20,1854,italy,Lazio,Napoli,70.0,81.65,0.2515,0.498,0.2506,1.17,1.74,24.1,71.8,2.0,0.0,1.0,1.0,1.0,4.0,4.0,2.0,3.0,19.0,10.0,40.0,13.0,8.0,0.0,2.0,0.0,1.0,6.0,1.0,2.0,1.0,33.0,19.0,25.0,11.0,9.0,1.0
2020,22/12/20,1854,italy,Crotone,Parma,51.42,55.34,0.3616,0.3448,0.2936,1.21,1.17,45.3,45.1,2.0,1.0,1.0,1.0,1.0,5.0,4.0,3.0,2.0,16.0,12.0,48.0,3.0,9.0,0.0,0.0,2.0,1.0,2.0,1.0,6.0,2.0,24.0,11.0,35.0,13.0,4.0,0.0
2020,22/12/20,1854,italy,Juventus,Fiorentina,84.71,64.19,0.7114,0.1046,0.184,2.29,0.75,60.1,17.6,0.0,3.0,2.0,1.0,0.0,8.0,2.0,0.0,3.0,38.0,23.0,37.0,21.0,7.0,0.0,0.0,2.0,1.0,2.0,2.0,5.0,3.0,20.0,10.0,42.0,10.0,8.0,0.0
2020,23/12/20,1854,italy,Verona,Inter,60.86,82.32,0.1502,0.6391,0.2107,0.92,2.12,9.0,77.2,1.0,2.0,1.0,1.0,1.0,4.0,4.0,2.0,2.0,14.0,12.0,51.0,10.0,7.0,1.0,3.0,0.0,0.0,6.0,0.0,2.0,1.0,33.0,17.0,43.0,16.0,7.0,0.0
2020,23/12/20,1854,italy,Napoli,Torino,80.7,56.73,0.7042,0.1062,0.1897,2.22,0.73,72.7,43.4,1.0,1.0,1.0,0.0,2.0,2.0,4.0,2.0,0.0,29.0,19.0,24.0,19.0,9.0,1.0,0.0,1.0,2.0,4.0,0.0,7.0,3.0,31.0,18.0,41.0,8.0,7.0,1.0
2020,23/12/20,1854,italy,Roma,Cagliari,78.32,54.31,0.726,0.1025,0.1715,2.47,0.82,60.6,30.4,3.0,2.0,2.0,0.0,1.0,9.0,6.0,1.0,8.0,28.0,20.0,44.0,11.0,9.0,0.0,0.0,2.0,1.0,2.0,2.0,4.0,0.0,19.0,9.0,34.0,13.0,5.0,0.0
2020,23/12/20,1854,italy,Milan,Lazio,78.7,71.25,0.5389,0.2308,0.2303,1.99,1.24,63.8,37.2,3.0,2.0,1.0,2.0,0.0,6.0,5.0,1.0,2.0,35.0,19.0,37.0,27.0,9.0,0.0,1.0,1.0,1.0,4.0,2.0,3.0,2.0,25.0,10.0,40.0,17.0,11.0,0.0
2020,23/12/20,1854,italy,Sampdoria,Sassuolo,61.4,65.36,0.3711,0.3704,0.2585,1.49,1.49,11.8,17.8,2.0,3.0,2.0,0.0,1.0,6.0,4.0,1.0,4.0,16.0,10.0,44.0,11.0,10.0,0.0,1.0,1.0,1.0,3.0,2.0,3.0,3.0,32.0,14.0,34.0,8.0,7.0,1.0
2020,23/12/20,1854,italy,Bologna,Atalanta,59.89,81.33,0.1704,0.6187,0.211,1.05,2.17,20.0,66.9,2.0,2.0,0.0,2.0,1.0,4.0,8.0,6.0,1.0,27.0,16.0,44.0,13.0,8.0,0.0,2.0,1.0,0.0,8.0,1.0,2.0,2.0,34.0,24.0,50.0,19.0,5.0,0.0
2020,23/12/20,1854,italy,Spezia,Genoa,54.87,52.9,0.4317,0.2916,0.2767,1.44,1.14,49.7,53.0,1.0,2.0,0.0,1.0,2.0,4.0,8.0,1.0,2.0,23.0,11.0,42.0,9.0,11.0,0.0,0.0,1.0,2.0,3.0,0.0,7.0,0.0,14.0,8.0,52.0,9.0,8.0,0.0
2020,23/12/20,1854,italy,Udinese,Benevento,65.42,56.29,0.483,0.2297,0.2873,1.41,0.88,16.7,26.6,0.0,2.0,1.0,2.0,0.0,4.0,3.0,1.0,1.0,24.0,14.0,43.0,18.0,5.0,0.0,1.0,1.0,1.0,3.0,1.0,2.0,2.0,34.0,16.0,38.0,20.0,7.0,1.0
2020,03/01/21,1854,italy,Inter,Crotone,82.68,51.29,0.8282,0.0427,0.1291,2.59,0.44,80.2,47.5,6.0,2.0,3.0,0.0,0.0,5.0,2.0,0.0,0.0,22.0,11.0,45.0,15.0,8.0,0.0,1.0,1.0,1.0,3.0,3.0,4.0,2.0,19.0,11.0,48.0,5.0,10.0,0.0
2020,03/01/21,1854,italy,Roma,Sampdoria,77.83,61.15,0.6616,0.1436,0.1948,2.32,0.99,64.6,12.5,1.0,0.0,2.0,0.0,1.0,7.0,7.0,0.0,4.0,28.0,21.0,53.0,12.0,10.0,0.0,2.0,0.0,1.0,7.0,3.0,5.0,2.0,26.0,13.0,41.0,20.0,8.0,1.0
2020,03/01/21,1854,italy,Parma,Torino,55.42,57.75,0.3897,0.3416,0.2686,1.44,1.33,53.6,48.8,0.0,3.0,0.0,1.0,2.0,1.0,6.0,4.0,0.0,33.0,15.0,43.0,18.0,7.0,0.0,0.0,2.0,1.0,3.0,0.0,5.0,2.0,29.0,16.0,48.0,9.0,7.0,1.0
2020,03/01/21,1854,italy,Genoa,Lazio,53.9,71.45,0.2548,0.495,0.2502,1.19,1.74,47.1,24.6,1.0,1.0,1.0,1.0,1.0,4.0,5.0,1.0,1.0,19.0,12.0,58.0,11.0,9.0,0.0,1.0,1.0,1.0,5.0,3.0,4.0,3.0,30.0,14.0,41.0,18.0,10.0,0.0
2020,03/01/21,1854,italy,Fiorentina,Bologna,66.65,60.55,0.4726,0.2652,0.2622,1.61,1.14,16.3,18.4,0.0,0.0,1.0,2.0,0.0,5.0,2.0,2.0,3.0,26.0,14.0,47.0,13.0,10.0,0.0,0.0,3.0,0.0,5.0,0.0,5.0,3.0,31.0,20.0,39.0,13.0,6.0,0.0
2020,03/01/21,1854,italy,Spezia,Verona,54.01,60.43,0.3821,0.3355,0.2824,1.32,1.22,50.0,15.2,0.0,1.0,0.0,1.0,2.0,4.0,6.0,1.0,2.0,21.0,11.0,46.0,9.0,11.0,0.0,0.0,1.0,2.0,3.0,1.0,5.0,2.0,16.0,11.0,51.0,9.0,8.0,1.0
2020,03/01/21,1854,italy,Atalanta,Sassuolo,80.8,65.2,0.6484,0.1531,0.1985,2.3,1.03,74.6,32.0,5.0,1.0,1.0,2.0,0.0,7.0,4.0,2.0,2.0,29.0,20.0,47.0,13.0,6.0,0.0,1.0,1.0,1.0,5.0,2.0,5.0,3.0,38.0,20.0,34.0,13.0,9.0,0.0
2020,03/01/21,1854,italy,Cagliari,Napoli,54.7,80.13,0.1629,0.6133,0.2239,0.91,1.98,34.9,61.8,1.0,4.0,0.0,2.0,1.0,3.0,4.0,1.0,1.0,18.0,10.0,41.0,10.0,5.0,0.0,0.0,1.0,2.0,1.0,0.0,4.0,1.0,28.0,17.0,36.0,16.0,9.0,1.0
2020,03/01/21,1854,italy,Benevento,Milan,56.19,78.46,0.1664,0.6132,0.2204,0.95,2.03,18.9,61.3,0.0,2.0,2.0,1.0,0.0,5.0,1.0,1.0,2.0,20.0,11.0,33.0,11.0,5.0,1.0,2.0,1.0,0.0,7.0,4.0,5.0,1.0,28.0,14.0,34.0,18.0,8.0,0.0
2020,03/01/21,1854,italy,Juventus,Udinese,82.97,65.46,0.6836,0.1116,0.2049,2.06,0.69,66.6,12.7,4.0,1.0,1.0,1.0,1.0,5.0,4.0,1.0,3.0,33.0,17.0,32.0,16.0,5.0,1.0,0.0,2.0,1.0,1.0,0.0,3.0,2.0,26.0,13.0,43.0,23.0,3.0,0.0
2020,06/01/21,1854,italy,Cagliari,Benevento,52.19,57.48,0.3953,0.3392,0.2655,1.48,1.35,42.4,22.0,1.0,2.0,0.0,1.0,2.0,4.0,8.0,2.0,1.0,19.0,7.0,41.0,8.0,8.0,1.0,2.0,0.0,1.0,4.0,1.0,2.0,1.0,27.0,12.0,27.0,19.0,4.0,0.0
2020,06/01/21,1854,italy,Bologna,Udinese,61.14,64.9,0.3805,0.3347,0.2848,1.3,1.2,19.9,18.4,2.0,2.0,0.0,3.0,0.0,3.0,3.0,2.0,0.0,27.0,18.0,39.0,14.0,8.0,0.0,0.0,1.0,2.0,2.0,0.0,7.0,3.0,26.0,14.0,38.0,15.0,2.0,0.0
2020,06/01/21,1854,italy,Lazio,Fiorentina,71.28,66.61,0.484,0.2574,0.2587,1.65,1.14,18.2,11.5,2.0,1.0,1.0,1.0,1.0,5.0,4.0,2.0,3.0,32.0,15.0,45.0,19.0,12.0,0.0,1.0,2.0,0.0,4.0,2.0,1.0,1.0,24.0,8.0,36.0,17.0,10.0,0.0
2020,06/01/21,1854,italy,Sassuolo,Genoa,63.35,54.18,0.5031,0.2465,0.2504,1.74,1.15,13.0,41.6,2.0,1.0,1.0,0.0,2.0,5.0,9.0,4.0,1.0,33.0,17.0,32.0,15.0,6.0,0.0,1.0,1.0,1.0,3.0,1.0,4.0,2.0,18.0,11.0,51.0,11.0,9.0,0.0
2020,06/01/21,1854,italy,Torino,Verona,58.7,61.12,0.4270000000000001,0.2998,0.2732,1.47,1.18,40.0,7.2,1.0,1.0,1.0,2.0,0.0,5.0,2.0,0.0,1.0,31.0,16.0,48.0,10.0,6.0,0.0,1.0,1.0,1.0,3.0,1.0,3.0,1.0,19.0,9.0,41.0,8.0,6.0,0.0
2020,06/01/21,1854,italy,Sampdoria,Inter,60.29,81.93,0.1577,0.6443,0.1979,1.07,2.32,13.8,77.7,2.0,1.0,1.0,0.0,2.0,5.0,5.0,2.0,2.0,22.0,12.0,38.0,19.0,9.0,1.0,3.0,0.0,0.0,10.0,2.0,4.0,2.0,32.0,17.0,38.0,14.0,3.0,0.0
2020,06/01/21,1854,italy,Crotone,Roma,51.77,78.71,0.1477,0.643,0.2093,0.91,2.13,49.1,70.9,1.0,3.0,1.0,0.0,2.0,5.0,10.0,4.0,5.0,22.0,13.0,38.0,7.0,9.0,0.0,2.0,0.0,1.0,5.0,2.0,6.0,0.0,30.0,21.0,49.0,16.0,9.0,0.0
2020,06/01/21,1854,italy,Atalanta,Parma,82.06,54.67,0.7893,0.0646,0.1461,2.57,0.6,71.2,47.7,3.0,0.0,2.0,1.0,0.0,11.0,4.0,1.0,4.0,38.0,22.0,42.0,15.0,7.0,0.0,0.0,0.0,3.0,1.0,0.0,9.0,5.0,38.0,18.0,50.0,19.0,8.0,0.0
2020,06/01/21,1854,italy,Napoli,Spezia,81.59,53.5,0.7768,0.0616,0.1616,2.32,0.49,68.6,50.6,1.0,2.0,1.0,1.0,1.0,5.0,4.0,1.0,1.0,41.0,24.0,33.0,21.0,7.0,0.0,0.0,0.0,3.0,2.0,1.0,5.0,1.0,20.0,7.0,49.0,9.0,11.0,1.0
2020,06/01/21,1854,italy,Milan,Juventus,77.3,83.19,0.3544,0.404,0.2417,1.62,1.74,85.7,73.5,1.0,3.0,3.0,0.0,0.0,7.0,3.0,1.0,5.0,28.0,15.0,35.0,12.0,8.0,1.0,2.0,0.0,1.0,8.0,3.0,4.0,1.0,35.0,20.0,33.0,21.0,5.0,1.0
2020,09/01/21,1854,italy,Benevento,Atalanta,57.6,82.94,0.13,0.6717,0.1983,0.86,2.21,10.4,69.7,1.0,4.0,2.0,0.0,1.0,4.0,3.0,2.0,3.0,26.0,12.0,30.0,19.0,6.0,0.0,2.0,1.0,0.0,10.0,5.0,3.0,0.0,46.0,20.0,37.0,25.0,6.0,0.0
2020,09/01/21,1854,italy,Genoa,Bologna,53.92,60.31,0.3663,0.3577,0.2759,1.34,1.32,48.7,22.7,2.0,0.0,1.0,1.0,1.0,4.0,4.0,2.0,1.0,19.0,12.0,39.0,8.0,9.0,0.0,0.0,3.0,0.0,4.0,2.0,4.0,3.0,23.0,16.0,38.0,10.0,9.0,1.0
2020,09/01/21,1854,italy,Milan,Torino,76.83,59.14,0.6532,0.1467,0.2001,2.25,0.97,66.1,35.9,2.0,0.0,2.0,0.0,1.0,6.0,5.0,2.0,4.0,35.0,17.0,40.0,15.0,6.0,1.0,1.0,2.0,0.0,5.0,1.0,2.0,0.0,33.0,16.0,44.0,15.0,6.0,0.0
2020,10/01/21,1854,italy,Roma,Inter,78.71,81.72,0.3818,0.3782,0.24,1.71,1.7,80.5,82.1,2.0,2.0,3.0,0.0,0.0,7.0,3.0,0.0,4.0,35.0,22.0,51.0,18.0,9.0,0.0,2.0,0.0,1.0,9.0,2.0,5.0,4.0,45.0,24.0,46.0,21.0,6.0,0.0
2020,10/01/21,1854,italy,Udinese,Napoli,65.39,80.85,0.2019,0.5448,0.2533,0.94,1.71,14.3,70.6,1.0,2.0,0.0,1.0,2.0,3.0,8.0,4.0,1.0,27.0,18.0,38.0,14.0,4.0,0.0,1.0,1.0,1.0,6.0,1.0,4.0,0.0,61.0,29.0,34.0,22.0,6.0,0.0
2020,10/01/21,1854,italy,Verona,Crotone,60.93,51.75,0.4633,0.2523,0.2845,1.42,0.97,11.3,47.3,2.0,1.0,1.0,1.0,1.0,3.0,3.0,0.0,0.0,22.0,8.0,43.0,10.0,7.0,0.0,1.0,0.0,2.0,5.0,4.0,10.0,5.0,29.0,15.0,38.0,9.0,9.0,0.0
2020,10/01/21,1854,italy,Parma,Lazio,53.66,70.52,0.269,0.4774,0.2536,1.22,1.7,50.4,16.8,0.0,2.0,0.0,0.0,3.0,1.0,8.0,4.0,0.0,32.0,14.0,48.0,18.0,9.0,0.0,1.0,1.0,1.0,5.0,3.0,5.0,2.0,34.0,19.0,44.0,17.0,11.0,0.0
2020,10/01/21,1854,italy,Fiorentina,Cagliari,67.27,51.95,0.5413,0.2152,0.2436,1.82,1.06,20.2,46.3,1.0,0.0,1.0,1.0,1.0,4.0,2.0,1.0,1.0,28.0,15.0,37.0,22.0,9.0,0.0,0.0,0.0,3.0,4.0,1.0,9.0,4.0,22.0,9.0,46.0,10.0,10.0,2.0
2020,10/01/21,1854,italy,Juventus,Sassuolo,83.54,63.55,0.7119,0.1173,0.1708,2.58,0.96,70.4,19.2,3.0,1.0,2.0,0.0,1.0,7.0,5.0,2.0,2.0,36.0,23.0,35.0,16.0,6.0,1.0,2.0,0.0,1.0,6.0,1.0,8.0,2.0,30.0,18.0,35.0,17.0,8.0,0.0
2020,11/01/21,1854,italy,Spezia,Sampdoria,54.03,60.51,0.3811,0.3548,0.264,1.46,1.4,47.5,10.0,2.0,1.0,1.0,0.0,2.0,3.0,4.0,1.0,1.0,21.0,10.0,56.0,9.0,14.0,2.0,1.0,0.0,2.0,4.0,2.0,5.0,1.0,24.0,14.0,37.0,20.0,10.0,1.0
2020,15/01/21,1854,italy,Lazio,Roma,71.82,78.19,0.3161,0.4424,0.2416,1.5,1.8,29.8,71.0,3.0,0.0,2.0,1.0,0.0,5.0,2.0,0.0,2.0,42.0,15.0,36.0,17.0,8.0,0.0,2.0,1.0,0.0,6.0,4.0,3.0,0.0,36.0,21.0,51.0,15.0,9.0,0.0
2020,16/01/21,1854,italy,Bologna,Verona,59.73,60.89,0.4287,0.2929,0.2784,1.43,1.13,27.3,3.7,1.0,0.0,0.0,2.0,1.0,2.0,4.0,2.0,2.0,27.0,15.0,36.0,13.0,7.0,1.0,2.0,1.0,0.0,4.0,2.0,2.0,0.0,28.0,13.0,44.0,14.0,6.0,0.0
2020,16/01/21,1854,italy,Torino,Spezia,58.88,54.96,0.4614,0.2737,0.2649,1.58,1.15,48.6,41.0,0.0,0.0,1.0,1.0,1.0,4.0,3.0,2.0,1.0,37.0,17.0,43.0,17.0,5.0,0.0,2.0,0.0,1.0,4.0,1.0,3.0,1.0,22.0,9.0,55.0,9.0,15.0,2.0
2020,16/01/21,1854,italy,Sampdoria,Udinese,59.67,65.69,0.3566,0.3696,0.2738,1.33,1.36,13.2,17.6,2.0,1.0,1.0,0.0,2.0,3.0,4.0,1.0,3.0,16.0,12.0,42.0,8.0,11.0,0.0,0.0,1.0,2.0,4.0,2.0,8.0,4.0,37.0,24.0,40.0,9.0,6.0,0.0
2020,17/01/21,1854,italy,Napoli,Fiorentina,80.49,67.41,0.6317,0.1409,0.2273,1.9,0.76,69.8,7.1,6.0,0.0,2.0,0.0,1.0,7.0,4.0,1.0,2.0,64.0,29.0,21.0,25.0,4.0,0.0,1.0,1.0,1.0,2.0,0.0,2.0,1.0,31.0,14.0,34.0,26.0,6.0,0.0
2020,17/01/21,1854,italy,Crotone,Benevento,51.74,56.05,0.385,0.3306,0.2844,1.31,1.2,43.9,21.4,4.0,1.0,0.0,0.0,3.0,4.0,11.0,7.0,2.0,26.0,12.0,38.0,10.0,8.0,0.0,1.0,0.0,2.0,3.0,2.0,7.0,3.0,27.0,12.0,34.0,19.0,7.0,0.0
2020,17/01/21,1854,italy,Sassuolo,Parma,62.88,52.24,0.5103,0.2419,0.2479,1.77,1.15,9.5,48.8,1.0,1.0,1.0,0.0,2.0,4.0,9.0,2.0,0.0,30.0,12.0,27.0,14.0,5.0,1.0,0.0,0.0,3.0,0.0,0.0,8.0,2.0,27.0,10.0,37.0,17.0,7.0,0.0
2020,17/01/21,1854,italy,Atalanta,Genoa,83.87,54.7,0.809,0.0544,0.1366,2.61,0.54,66.8,44.4,0.0,0.0,3.0,0.0,0.0,12.0,2.0,0.0,4.0,63.0,29.0,44.0,31.0,6.0,0.0,1.0,1.0,1.0,4.0,1.0,3.0,1.0,21.0,13.0,31.0,7.0,7.0,0.0
2020,17/01/21,1854,italy,Inter,Juventus,82.17,83.98,0.4002,0.3638,0.236,1.8,1.71,93.6,93.8,2.0,0.0,1.0,1.0,1.0,9.0,6.0,5.0,2.0,52.0,25.0,38.0,20.0,7.0,0.0,3.0,0.0,0.0,10.0,2.0,3.0,1.0,46.0,30.0,37.0,17.0,9.0,0.0
2020,18/01/21,1854,italy,Cagliari,Milan,52.01,77.28,0.1765,0.6189,0.2045,1.14,2.28,48.9,58.7,0.0,2.0,0.0,0.0,3.0,2.0,7.0,3.0,1.0,25.0,9.0,43.0,15.0,11.0,2.0,2.0,0.0,1.0,5.0,4.0,3.0,1.0,34.0,16.0,53.0,18.0,10.0,1.0
2020,20/01/21,1854,italy,Udinese,Atalanta,65.71,83.63,0.1832,0.5908,0.226,1.01,1.99,19.1,68.6,1.0,1.0,0.0,1.0,2.0,4.0,6.0,3.0,2.0,43.0,24.0,43.0,13.0,7.0,0.0,2.0,1.0,0.0,7.0,2.0,1.0,0.0,58.0,25.0,46.0,32.0,4.0,0.0
2020,22/01/21,1854,italy,Benevento,Torino,55.85,59.57,0.3628,0.3629,0.2743,1.34,1.34,24.3,46.1,2.0,2.0,1.0,0.0,2.0,4.0,9.0,4.0,2.0,27.0,11.0,39.0,20.0,9.0,1.0,0.0,2.0,1.0,1.0,0.0,3.0,2.0,31.0,11.0,39.0,20.0,6.0,0.0
2020,23/01/21,1854,italy,Roma,Spezia,77.22,54.88,0.6958,0.1138,0.1904,2.25,0.79,64.5,35.0,4.0,3.0,1.0,1.0,1.0,5.0,6.0,2.0,4.0,29.0,15.0,53.0,14.0,10.0,0.0,2.0,1.0,0.0,4.0,1.0,2.0,1.0,22.0,11.0,47.0,8.0,12.0,2.0
2020,23/01/21,1854,italy,Udinese,Inter,65.25,82.88,0.1773,0.6014,0.2214,1.01,2.04,18.0,82.1,0.0,0.0,0.0,1.0,2.0,3.0,5.0,2.0,2.0,37.0,16.0,50.0,9.0,7.0,0.0,1.0,1.0,1.0,5.0,1.0,4.0,3.0,55.0,23.0,37.0,20.0,9.0,0.0
2020,23/01/21,1854,italy,Milan,Atalanta,76.98,84.08,0.3277,0.4264,0.2459,1.49,1.73,81.9,81.5,0.0,3.0,2.0,0.0,1.0,5.0,3.0,1.0,4.0,35.0,19.0,52.0,18.0,10.0,1.0,1.0,2.0,0.0,5.0,2.0,2.0,1.0,59.0,27.0,62.0,27.0,5.0,0.0
2020,23/01/21,1854,italy,Fiorentina,Crotone,66.28,51.06,0.535,0.2075,0.2575,1.67,0.94,18.3,51.9,2.0,1.0,1.0,0.0,2.0,2.0,8.0,5.0,0.0,31.0,16.0,41.0,22.0,2.0,0.0,1.0,0.0,2.0,6.0,2.0,6.0,5.0,25.0,11.0,45.0,11.0,6.0,0.0
2020,24/01/21,1854,italy,Juventus,Bologna,83.35,60.87,0.7587,0.08199999999999999,0.1592,2.51,0.7,83.1,13.2,2.0,0.0,2.0,0.0,1.0,6.0,4.0,2.0,1.0,41.0,24.0,37.0,14.0,8.0,0.0,1.0,1.0,1.0,3.0,3.0,4.0,2.0,40.0,17.0,40.0,15.0,6.0,1.0
2020,24/01/21,1854,italy,Verona,Napoli,59.85,81.23,0.1486,0.6274,0.224,0.83,1.95,5.0,76.6,3.0,1.0,1.0,1.0,1.0,3.0,3.0,1.0,2.0,27.0,10.0,44.0,12.0,7.0,0.0,2.0,0.0,1.0,9.0,5.0,3.0,1.0,52.0,24.0,26.0,18.0,4.0,0.0
2020,24/01/21,1854,italy,Genoa,Cagliari,55.19,52.49,0.4251,0.3055,0.2694,1.49,1.23,56.6,58.3,1.0,0.0,1.0,1.0,1.0,3.0,2.0,0.0,1.0,22.0,13.0,34.0,4.0,7.0,0.0,0.0,0.0,3.0,1.0,1.0,5.0,3.0,36.0,10.0,41.0,19.0,9.0,1.0
2020,24/01/21,1854,italy,Lazio,Sassuolo,72.98,62.92,0.5554,0.2207,0.224,2.07,1.24,32.3,9.5,2.0,1.0,3.0,0.0,0.0,7.0,1.0,0.0,3.0,41.0,20.0,29.0,9.0,9.0,0.0,1.0,1.0,1.0,4.0,0.0,5.0,1.0,38.0,14.0,36.0,16.0,7.0,1.0
2020,24/01/21,1854,italy,Parma,Sampdoria,52.24,59.43,0.3706,0.3577,0.2717,1.38,1.35,54.1,11.2,0.0,2.0,0.0,1.0,2.0,1.0,6.0,1.0,1.0,23.0,6.0,28.0,10.0,7.0,0.0,2.0,0.0,1.0,5.0,3.0,4.0,1.0,29.0,18.0,36.0,17.0,7.0,0.0
2020,29/01/21,1854,italy,Torino,Fiorentina,59.8,66.39,0.38,0.3377,0.2823,1.32,1.23,45.5,8.5,1.0,1.0,0.0,2.0,1.0,2.0,4.0,3.0,0.0,30.0,12.0,49.0,15.0,8.0,0.0,2.0,0.0,1.0,3.0,2.0,7.0,4.0,34.0,14.0,41.0,18.0,3.0,0.0
2020,30/01/21,1854,italy,Bologna,Milan,60.14,76.18,0.2178,0.5483,0.2339,1.14,1.93,17.7,64.7,1.0,2.0,1.0,0.0,2.0,1.0,4.0,2.0,1.0,42.0,13.0,41.0,17.0,4.0,0.0,2.0,0.0,1.0,4.0,3.0,3.0,1.0,27.0,15.0,46.0,16.0,11.0,1.0
2020,30/01/21,1854,italy,Sampdoria,Juventus,60.62,83.9,0.1464,0.6587,0.1949,1.01,2.33,2.3,59.5,0.0,2.0,2.0,0.0,1.0,5.0,3.0,1.0,3.0,32.0,16.0,37.0,18.0,5.0,0.0,2.0,0.0,1.0,5.0,1.0,3.0,1.0,50.0,26.0,36.0,17.0,9.0,0.0
2020,30/01/21,1854,italy,Inter,Benevento,82.98,55.37,0.8198,0.0529,0.1273,2.76,0.58,84.0,17.5,4.0,0.0,1.0,2.0,0.0,4.0,2.0,1.0,1.0,42.0,16.0,35.0,14.0,7.0,0.0,0.0,1.0,2.0,4.0,1.0,10.0,3.0,28.0,11.0,45.0,20.0,7.0,1.0
2020,31/01/21,1854,italy,Spezia,Udinese,55.4,65.45,0.3357,0.3782,0.2861,1.2,1.29,39.8,20.1,0.0,1.0,1.0,1.0,1.0,5.0,5.0,2.0,2.0,19.0,10.0,44.0,7.0,8.0,1.0,0.0,2.0,1.0,2.0,1.0,3.0,1.0,26.0,9.0,42.0,10.0,7.0,0.0
2020,31/01/21,1854,italy,Cagliari,Sassuolo,52.56,62.36,0.3581,0.3959,0.246,1.58,1.67,49.4,3.7,1.0,1.0,0.0,0.0,3.0,0.0,4.0,2.0,0.0,39.0,12.0,29.0,19.0,7.0,0.0,0.0,1.0,2.0,3.0,1.0,6.0,2.0,30.0,9.0,37.0,14.0,7.0,1.0
2020,31/01/21,1854,italy,Crotone,Genoa,51.03,55.17,0.3813,0.3315,0.2872,1.29,1.18,53.1,45.8,0.0,3.0,1.0,0.0,2.0,6.0,5.0,4.0,2.0,20.0,9.0,47.0,11.0,6.0,0.0,2.0,1.0,0.0,3.0,2.0,0.0,0.0,23.0,16.0,35.0,6.0,5.0,0.0
2020,31/01/21,1854,italy,Atalanta,Lazio,84.69,73.56,0.5957,0.1876,0.2166,2.12,1.11,80.0,57.4,1.0,3.0,1.0,2.0,0.0,4.0,1.0,1.0,2.0,52.0,22.0,55.0,23.0,4.0,0.0,3.0,0.0,0.0,7.0,3.0,1.0,1.0,48.0,22.0,34.0,16.0,8.0,0.0
2020,31/01/21,1854,italy,Napoli,Parma,79.47,51.17,0.7802,0.064,0.1558,2.41,0.54,67.1,51.2,2.0,0.0,2.0,0.0,1.0,9.0,4.0,2.0,6.0,37.0,17.0,25.0,11.0,5.0,0.0,0.0,1.0,2.0,1.0,1.0,5.0,2.0,31.0,12.0,36.0,12.0,7.0,0.0
2020,31/01/21,1854,italy,Roma,Verona,76.52,61.93,0.6462,0.1417,0.2121,2.07,0.85,64.4,4.5,3.0,1.0,1.0,1.0,1.0,6.0,8.0,3.0,2.0,32.0,18.0,49.0,13.0,10.0,0.0,2.0,0.0,1.0,5.0,3.0,3.0,2.0,34.0,15.0,39.0,12.0,6.0,0.0
2020,05/02/21,1854,italy,Fiorentina,Inter,65.87,83.67,0.1671,0.61,0.223,0.94,2.0,6.5,83.0,0.0,2.0,1.0,1.0,1.0,3.0,8.0,4.0,2.0,31.0,12.0,41.0,11.0,4.0,2.0,2.0,1.0,0.0,6.0,2.0,0.0,0.0,39.0,18.0,33.0,14.0,4.0,0.0
2020,06/02/21,1854,italy,Sassuolo,Spezia,63.23,55.52,0.4773,0.2702,0.2525,1.71,1.23,2.3,39.3,1.0,2.0,0.0,2.0,1.0,3.0,4.0,2.0,1.0,34.0,12.0,44.0,25.0,9.0,0.0,0.0,1.0,2.0,3.0,1.0,5.0,1.0,20.0,11.0,45.0,5.0,10.0,2.0
2020,06/02/21,1854,italy,Atalanta,Torino,83.54,60.22,0.7511,0.0846,0.1644,2.45,0.7,71.5,36.5,3.0,3.0,1.0,1.0,1.0,5.0,4.0,2.0,2.0,45.0,22.0,52.0,16.0,3.0,0.0,0.0,3.0,0.0,3.0,0.0,3.0,1.0,37.0,14.0,54.0,17.0,8.0,0.0
2020,06/02/21,1854,italy,Juventus,Roma,84.38,76.6,0.5228,0.2463,0.2309,1.99,1.31,72.3,85.6,2.0,0.0,2.0,0.0,1.0,4.0,2.0,1.0,2.0,40.0,20.0,35.0,18.0,7.0,0.0,2.0,0.0,1.0,7.0,4.0,7.0,3.0,33.0,16.0,46.0,14.0,9.0,0.0
2020,06/02/21,1854,italy,Genoa,Napoli,57.0,79.15,0.1697,0.5964,0.2339,0.89,1.88,27.8,62.8,2.0,1.0,2.0,1.0,0.0,4.0,0.0,0.0,3.0,24.0,15.0,46.0,16.0,4.0,0.0,2.0,0.0,1.0,9.0,6.0,3.0,1.0,32.0,17.0,34.0,11.0,6.0,0.0
2020,07/02/21,1854,italy,Benevento,Sampdoria,54.57,60.19,0.3781,0.3556,0.2663,1.44,1.39,26.3,4.9,1.0,1.0,0.0,1.0,2.0,3.0,10.0,3.0,1.0,24.0,9.0,46.0,22.0,6.0,1.0,2.0,0.0,1.0,4.0,2.0,3.0,1.0,32.0,14.0,33.0,21.0,6.0,0.0
2020,07/02/21,1854,italy,Udinese,Verona,65.59,61.78,0.4521,0.2562,0.2917,1.36,0.95,14.6,2.5,2.0,0.0,1.0,2.0,0.0,2.0,1.0,1.0,1.0,18.0,6.0,50.0,7.0,10.0,1.0,1.0,0.0,2.0,4.0,1.0,5.0,5.0,29.0,10.0,34.0,11.0,4.0,0.0
2020,07/02/21,1854,italy,Milan,Crotone,76.5,49.21,0.7779,0.0707,0.1514,2.54,0.63,66.0,38.5,4.0,0.0,2.0,0.0,1.0,4.0,4.0,1.0,2.0,36.0,24.0,36.0,13.0,6.0,1.0,1.0,0.0,2.0,5.0,2.0,6.0,4.0,22.0,10.0,46.0,10.0,6.0,0.0
2020,07/02/21,1854,italy,Parma,Bologna,51.83,59.63,0.3418,0.377,0.2812,1.24,1.32,46.0,29.0,0.0,3.0,0.0,1.0,2.0,1.0,5.0,3.0,1.0,26.0,10.0,41.0,13.0,7.0,0.0,1.0,0.0,2.0,2.0,1.0,4.0,2.0,40.0,14.0,45.0,19.0,6.0,0.0
2020,07/02/21,1854,italy,Lazio,Cagliari,75.0,51.87,0.6781,0.132,0.1898,2.34,0.93,54.3,49.2,1.0,0.0,3.0,0.0,0.0,8.0,2.0,1.0,4.0,42.0,24.0,48.0,12.0,9.0,0.0,0.0,1.0,2.0,1.0,0.0,4.0,2.0,39.0,15.0,25.0,17.0,6.0,0.0
2020,12/02/21,1854,italy,Bologna,Benevento,59.93,53.99,0.4713,0.2686,0.2601,1.63,1.17,17.7,25.1,1.0,1.0,1.0,0.0,2.0,4.0,4.0,2.0,2.0,37.0,15.0,43.0,13.0,5.0,0.0,0.0,2.0,1.0,3.0,1.0,7.0,1.0,19.0,6.0,49.0,11.0,7.0,0.0
2020,13/02/21,1854,italy,Torino,Genoa,62.5,57.05,0.4992,0.237,0.2639,1.61,1.03,41.8,19.0,0.0,0.0,0.0,3.0,0.0,6.0,6.0,4.0,2.0,48.0,23.0,59.0,14.0,7.0,0.0,3.0,0.0,0.0,6.0,5.0,1.0,0.0,22.0,14.0,46.0,16.0,4.0,0.0
2020,13/02/21,1854,italy,Napoli,Juventus,79.02,84.23,0.3475,0.3956,0.2568,1.45,1.56,,,1.0,0.0,1.0,0.0,2.0,4.0,5.0,3.0,2.0,46.0,21.0,34.0,16.0,8.0,0.0,3.0,0.0,0.0,6.0,3.0,0.0,0.0,35.0,19.0,30.0,16.0,7.0,0.0
2020,13/02/21,1854,italy,Spezia,Milan,57.02,77.41,0.1879,0.5888,0.2232,1.06,2.04,27.4,63.4,2.0,0.0,1.0,0.0,2.0,5.0,6.0,2.0,2.0,27.0,15.0,46.0,8.0,10.0,1.0,2.0,0.0,1.0,6.0,2.0,4.0,1.0,48.0,28.0,40.0,17.0,6.0,0.0
2020,14/02/21,1854,italy,Roma,Udinese,76.9,66.82,0.6056,0.1602,0.2342,1.86,0.84,74.0,5.4,3.0,0.0,2.0,0.0,1.0,7.0,6.0,2.0,4.0,42.0,17.0,40.0,16.0,7.0,0.0,2.0,1.0,0.0,3.0,0.0,0.0,0.0,26.0,13.0,39.0,15.0,9.0,1.0
2020,14/02/21,1854,italy,Sampdoria,Fiorentina,60.84,65.01,0.3702,0.3526,0.2772,1.34,1.3,4.5,11.1,2.0,1.0,1.0,1.0,1.0,3.0,3.0,1.0,2.0,27.0,11.0,39.0,20.0,7.0,0.0,1.0,1.0,1.0,3.0,2.0,4.0,1.0,36.0,12.0,35.0,14.0,7.0,2.0
2020,14/02/21,1854,italy,Cagliari,Atalanta,52.36,81.54,0.1372,0.6804,0.1824,1.04,2.49,51.2,65.4,0.0,1.0,0.0,1.0,2.0,1.0,3.0,1.0,0.0,29.0,16.0,30.0,12.0,6.0,0.0,1.0,1.0,1.0,7.0,4.0,6.0,3.0,36.0,18.0,50.0,13.0,4.0,0.0
2020,14/02/21,1854,italy,Crotone,Sassuolo,48.08,61.71,0.2981,0.4474,0.2545,1.32,1.66,27.8,1.2,1.0,2.0,0.0,0.0,3.0,1.0,9.0,5.0,0.0,25.0,9.0,41.0,12.0,6.0,0.0,0.0,1.0,2.0,3.0,2.0,5.0,2.0,27.0,10.0,46.0,25.0,8.0,0.0
2020,14/02/21,1854,italy,Inter,Lazio,84.35,74.81,0.5803,0.1959,0.2238,2.04,1.1,100.0,69.1,3.0,1.0,2.0,1.0,0.0,6.0,0.0,0.0,2.0,37.0,19.0,35.0,18.0,3.0,0.0,3.0,0.0,0.0,6.0,2.0,2.0,1.0,47.0,21.0,52.0,23.0,6.0,0.0
2020,15/02/21,1854,italy,Verona,Parma,60.63,51.46,0.464,0.2508,0.2852,1.41,0.96,1.9,38.8,2.0,1.0,1.0,0.0,2.0,4.0,6.0,4.0,1.0,26.0,10.0,39.0,16.0,7.0,0.0,0.0,0.0,3.0,0.0,0.0,7.0,5.0,31.0,16.0,43.0,16.0,7.0,0.0
2020,19/02/21,1854,italy,Fiorentina,Spezia,64.97,59.12,0.4716,0.2545,0.2739,1.51,1.03,15.4,13.3,3.0,0.0,0.0,1.0,2.0,2.0,5.0,2.0,1.0,39.0,13.0,35.0,16.0,8.0,2.0,2.0,0.0,1.0,4.0,1.0,2.0,1.0,37.0,17.0,51.0,12.0,12.0,1.0
2020,19/02/21,1854,italy,Cagliari,Torino,52.43,62.42,0.3266,0.4056,0.2678,1.3,1.48,64.9,55.6,0.0,1.0,0.0,1.0,2.0,1.0,3.0,0.0,0.0,20.0,10.0,41.0,11.0,7.0,0.0,0.0,3.0,0.0,4.0,2.0,4.0,3.0,44.0,19.0,50.0,13.0,6.0,0.0
2020,20/02/21,1854,italy,Lazio,Sampdoria,74.63,60.8,0.6203,0.1635,0.2162,2.08,0.96,50.1,0.9,1.0,0.0,2.0,0.0,1.0,5.0,4.0,2.0,1.0,41.0,20.0,40.0,14.0,5.0,0.0,1.0,1.0,1.0,3.0,1.0,4.0,2.0,23.0,10.0,39.0,21.0,7.0,0.0
2020,20/02/21,1854,italy,Genoa,Verona,57.68,60.11,0.3916,0.3109,0.2975,1.24,1.07,16.1,1.1,2.0,2.0,2.0,1.0,0.0,5.0,1.0,0.0,4.0,20.0,11.0,50.0,17.0,7.0,0.0,1.0,0.0,2.0,3.0,1.0,6.0,4.0,22.0,8.0,42.0,17.0,9.0,0.0
2020,20/02/21,1854,italy,Sassuolo,Bologna,62.8,60.11,0.4466,0.3007,0.2527,1.68,1.34,1.6,11.5,1.0,1.0,1.0,1.0,1.0,4.0,4.0,2.0,2.0,43.0,13.0,48.0,27.0,6.0,0.0,1.0,1.0,1.0,5.0,3.0,3.0,1.0,36.0,15.0,43.0,15.0,6.0,0.0
2020,21/02/21,1854,italy,Parma,Udinese,51.82,65.39,0.305,0.3964,0.2986,1.05,1.24,37.6,10.0,2.0,2.0,0.0,0.0,3.0,1.0,7.0,4.0,1.0,33.0,13.0,44.0,15.0,8.0,0.0,2.0,0.0,1.0,3.0,0.0,3.0,2.0,26.0,13.0,35.0,14.0,6.0,1.0
2020,21/02/21,1854,italy,Milan,Inter,75.3,84.44,0.2863,0.4743,0.2394,1.41,1.86,76.2,100.0,0.0,3.0,2.0,0.0,1.0,6.0,3.0,0.0,2.0,45.0,25.0,43.0,14.0,5.0,0.0,3.0,0.0,0.0,9.0,4.0,1.0,0.0,38.0,22.0,26.0,18.0,3.0,0.0
2020,21/02/21,1854,italy,Atalanta,Napoli,81.81,78.01,0.4826,0.2726,0.2448,1.8,1.3,93.8,86.7,4.0,2.0,1.0,1.0,1.0,5.0,6.0,3.0,3.0,27.0,13.0,50.0,12.0,6.0,0.0,2.0,0.0,1.0,4.0,2.0,2.0,2.0,44.0,20.0,35.0,16.0,7.0,0.0
2020,21/02/21,1854,italy,Benevento,Roma,53.87,78.82,0.1443,0.6534,0.2023,0.93,2.21,18.3,77.2,0.0,0.0,0.0,2.0,1.0,2.0,6.0,2.0,0.0,22.0,11.0,41.0,8.0,8.0,0.0,2.0,0.0,1.0,6.0,5.0,3.0,1.0,41.0,17.0,45.0,20.0,6.0,0.0
2020,22/02/21,1854,italy,Juventus,Crotone,84.43,47.03,0.8727,0.0271,0.1003,2.85,0.36,64.0,22.6,3.0,0.0,2.0,0.0,1.0,4.0,1.0,1.0,2.0,35.0,13.0,37.0,18.0,7.0,0.0,0.0,0.0,3.0,1.0,1.0,9.0,4.0,27.0,12.0,39.0,16.0,5.0,0.0
2020,27/02/21,1854,italy,Spezia,Parma,58.18,52.7,0.4564,0.2691,0.2746,1.49,1.08,27.2,39.6,2.0,2.0,2.0,0.0,1.0,4.0,4.0,1.0,1.0,39.0,15.0,44.0,16.0,6.0,0.0,0.0,1.0,2.0,3.0,3.0,7.0,3.0,44.0,18.0,46.0,12.0,11.0,0.0
2020,27/02/21,1854,italy,Bologna,Lazio,59.02,73.78,0.2331,0.5238,0.2431,1.15,1.83,13.7,59.6,2.0,0.0,1.0,2.0,0.0,5.0,2.0,0.0,4.0,30.0,12.0,38.0,15.0,4.0,1.0,2.0,0.0,1.0,3.0,1.0,3.0,2.0,37.0,21.0,34.0,16.0,7.0,0.0
2020,27/02/21,1854,italy,Verona,Juventus,60.33,84.55,0.1366,0.6541,0.2094,0.83,2.09,1.9,53.3,1.0,1.0,1.0,1.0,1.0,4.0,5.0,1.0,2.0,25.0,10.0,48.0,13.0,9.0,0.0,2.0,0.0,1.0,5.0,3.0,1.0,1.0,51.0,18.0,45.0,18.0,8.0,0.0
2020,28/02/21,1854,italy,Sampdoria,Atalanta,61.22,82.09,0.1509,0.6454,0.2037,0.97,2.21,1.0,83.1,0.0,2.0,1.0,1.0,1.0,3.0,3.0,2.0,1.0,28.0,10.0,45.0,21.0,6.0,0.0,2.0,1.0,0.0,8.0,3.0,5.0,2.0,34.0,16.0,58.0,16.0,8.0,0.0
2020,28/02/21,1854,italy,Udinese,Fiorentina,64.01,65.84,0.3865,0.3208,0.2927,1.26,1.12,8.8,7.2,1.0,0.0,1.0,1.0,1.0,4.0,5.0,4.0,0.0,32.0,12.0,31.0,14.0,6.0,0.0,1.0,0.0,2.0,4.0,1.0,4.0,2.0,40.0,15.0,40.0,14.0,10.0,0.0
2020,28/02/21,1854,italy,Inter,Genoa,85.06,57.28,0.8384,0.0372,0.1243,2.6,0.39,90.1,11.4,3.0,0.0,3.0,0.0,0.0,8.0,1.0,0.0,4.0,41.0,22.0,27.0,18.0,4.0,0.0,1.0,2.0,0.0,4.0,2.0,3.0,1.0,22.0,9.0,39.0,11.0,7.0,0.0
2020,28/02/21,1854,italy,Crotone,Cagliari,46.71,52.51,0.3333,0.3929,0.2738,1.27,1.41,19.7,46.9,0.0,2.0,0.0,0.0,3.0,1.0,9.0,4.0,1.0,34.0,11.0,33.0,16.0,3.0,0.0,0.0,0.0,3.0,0.0,0.0,3.0,0.0,29.0,7.0,51.0,16.0,8.0,0.0
2020,28/02/21,1854,italy,Napoli,Benevento,77.16,53.79,0.7063,0.1032,0.1905,2.2,0.7,57.7,19.2,2.0,0.0,1.0,0.0,2.0,4.0,6.0,2.0,1.0,39.0,18.0,31.0,11.0,6.0,0.0,0.0,3.0,0.0,2.0,0.0,2.0,1.0,28.0,14.0,38.0,6.0,10.0,1.0
2020,28/02/21,1854,italy,Roma,Milan,79.66,73.9,0.499,0.2603,0.2407,1.86,1.29,94.6,88.8,1.0,2.0,1.0,1.0,1.0,3.0,2.0,1.0,2.0,40.0,19.0,48.0,25.0,5.0,0.0,1.0,0.0,2.0,4.0,1.0,5.0,1.0,44.0,22.0,40.0,17.0,6.0,0.0
2020,02/03/21,1854,italy,Lazio,Torino,73.56,62.62,0.5595,0.2028,0.2377,1.88,1.04,41.9,26.7,,,,,,,,,,,,,,,,,,,,,,,,,,,,
2020,02/03/21,1854,italy,Juventus,Spezia,84.06,57.37,0.8024,0.055,0.1425,2.53,0.51,67.7,18.5,3.0,0.0,1.0,1.0,1.0,4.0,2.0,1.0,2.0,63.0,21.0,50.0,21.0,8.0,0.0,1.0,1.0,1.0,4.0,0.0,5.0,2.0,39.0,15.0,47.0,19.0,6.0,0.0
2020,03/03/21,1854,italy,Sassuolo,Napoli,63.97,77.66,0.236,0.5264,0.2376,1.2,1.9,1.6,58.5,3.0,3.0,1.0,1.0,1.0,4.0,4.0,3.0,2.0,61.0,19.0,51.0,23.0,4.0,0.0,2.0,0.0,1.0,5.0,2.0,4.0,0.0,35.0,15.0,33.0,13.0,6.0,1.0
2020,03/03/21,1854,italy,Benevento,Verona,53.35,61.1,0.3584,0.3546,0.287,1.24,1.24,26.1,0.3,0.0,3.0,0.0,2.0,1.0,1.0,3.0,2.0,0.0,23.0,15.0,36.0,6.0,8.0,1.0,1.0,2.0,0.0,5.0,2.0,4.0,1.0,33.0,15.0,51.0,13.0,7.0,0.0
2020,03/03/21,1854,italy,Fiorentina,Roma,65.5,78.41,0.2287,0.5174,0.2539,1.05,1.71,9.4,64.3,1.0,2.0,1.0,0.0,2.0,4.0,3.0,1.0,1.0,33.0,14.0,51.0,16.0,9.0,0.0,1.0,1.0,1.0,4.0,2.0,2.0,1.0,43.0,26.0,49.0,21.0,6.0,0.0
2020,03/03/21,1854,italy,Atalanta,Crotone,82.75,45.93,0.8762,0.0273,0.0966,2.93,0.38,75.8,17.9,5.0,1.0,3.0,0.0,0.0,7.0,2.0,0.0,1.0,45.0,23.0,51.0,18.0,8.0,0.0,0.0,0.0,3.0,1.0,1.0,7.0,3.0,36.0,13.0,41.0,17.0,4.0,0.0
2020,03/03/21,1854,italy,Cagliari,Bologna,53.52,59.12,0.3949,0.3349,0.2703,1.44,1.3,54.3,9.8,1.0,0.0,1.0,0.0,2.0,2.0,2.0,0.0,0.0,31.0,8.0,51.0,18.0,10.0,1.0,1.0,2.0,0.0,4.0,3.0,2.0,0.0,29.0,13.0,34.0,18.0,4.0,1.0
2020,03/03/21,1854,italy,Genoa,Sampdoria,55.94,60.54,0.3717,0.3393,0.289,1.26,1.19,20.3,2.9,1.0,1.0,0.0,2.0,1.0,2.0,5.0,2.0,0.0,21.0,9.0,34.0,11.0,7.0,0.0,1.0,0.0,2.0,2.0,1.0,4.0,3.0,25.0,8.0,38.0,16.0,5.0,0.0
2020,03/03/21,1854,italy,Milan,Udinese,75.21,64.64,0.6036,0.1645,0.232,1.89,0.87,64.5,3.4,1.0,1.0,1.0,0.0,2.0,2.0,6.0,1.0,1.0,43.0,24.0,32.0,17.0,6.0,0.0,1.0,1.0,1.0,3.0,0.0,5.0,4.0,27.0,7.0,34.0,7.0,5.0,0.0
