rank,prev_rank,name,league,off,def,spi
1,1,Manchester City,Barclays Premier League,2.9,0.2,93.73
2,2,Barcelona,Spanish Primera Division,3.1,0.47,91.15
3,3,Bayern Munich,German Bundesliga,3.14,0.64,89.03
4,4,Liverpool,Barclays Premier League,2.63,0.41,88.54
5,5,Chelsea,Barclays Premier League,2.28,0.26,88.07
6,7,Real Madrid,Spanish Primera Division,2.42,0.34,87.82
7,6,Manchester United,Barclays Premier League,2.44,0.4,86.89
8,8,Internazionale,Italy Serie A,2.58,0.52,85.97
9,10,Paris Saint-Germain,French Ligue 1,2.56,0.56,85.18
10,12,RB Leipzig,German Bundesliga,2.39,0.5,84.5
11,9,Atletico Madrid,Spanish Primera Division,2.18,0.38,84.47
12,13,Borussia Dortmund,German Bundesliga,2.56,0.61,84.09
13,11,Juventus,Italy Serie A,2.43,0.56,83.77
14,14,Real Sociedad,Spanish Primera Division,2.21,0.44,83.61
15,15,Atalanta,Italy Serie A,2.47,0.61,83.3
16,17,Arsenal,Barclays Premier League,2.18,0.47,82.44
17,16,Sevilla FC,Spanish Primera Division,2.09,0.47,81.39
18,19,VfL Wolfsburg,German Bundesliga,2.07,0.54,79.52
19,27,Tottenham Hotspur,Barclays Premier League,2.22,0.65,79.24
20,25,Ajax,Dutch Eredivisie,2.7,0.97,79.01
21,22,Villarreal,Spanish Primera Division,2.0,0.53,78.62
22,21,AS Roma,Italy Serie A,2.23,0.68,78.62
23,23,Eintracht Frankfurt,German Bundesliga,2.31,0.75,78.27
24,20,Bayer Leverkusen,German Bundesliga,2.21,0.69,78.17
25,32,West Ham United,Barclays Premier League,2.11,0.64,77.66
26,24,FC Salzburg,Austrian T-Mobile Bundesliga,2.78,1.1,77.6
27,26,Lyon,French Ligue 1,2.15,0.69,77.3
28,28,Brighton and Hove Albion,Barclays Premier League,1.99,0.58,77.28
29,29,Napoli,Italy Serie A,2.18,0.72,77.06
30,30,Lille,French Ligue 1,1.76,0.45,76.9
31,31,Athletic Bilbao,Spanish Primera Division,1.93,0.56,76.87
32,18,Leicester City,Barclays Premier League,1.95,0.59,76.39
33,34,Aston Villa,Barclays Premier League,2.03,0.69,75.54
34,35,Real Betis,Spanish Primera Division,2.0,0.67,75.43
35,37,TSG Hoffenheim,German Bundesliga,2.3,0.89,75.15
36,38,AC Milan,Italy Serie A,2.2,0.82,75.07
37,33,Borussia Monchengladbach,German Bundesliga,2.18,0.81,74.96
38,40,FC Porto,Portuguese Liga,2.12,0.78,74.61
39,36,AS Monaco,French Ligue 1,2.1,0.78,74.39
40,41,Lazio,Italy Serie A,2.11,0.82,73.56
41,39,Zenit St Petersburg,Russian Premier Liga,2.14,0.86,73.31
42,47,Everton,Barclays Premier League,1.93,0.71,73.24
43,46,Flamengo,Brasileiro Série A,2.09,0.83,73.13
44,42,Celta Vigo,Spanish Primera Division,1.89,0.7,73.03
45,44,Benfica,Portuguese Liga,2.03,0.79,72.99
46,45,Shakhtar Donetsk,UEFA Europa League,2.22,0.97,72.27
47,43,Wolverhampton,Barclays Premier League,1.79,0.66,71.91
48,48,Club Brugge,Belgian Jupiler League,1.92,0.77,71.59
49,50,Leeds United,Barclays Premier League,2.09,0.92,71.2
50,51,Eibar,Spanish Primera Division,1.73,0.66,71.02
51,49,Olympiacos,Greek Super League,1.91,0.79,71.02
52,55,Fulham,Barclays Premier League,1.7,0.66,70.4
53,52,1. FC Union Berlin,German Bundesliga,1.75,0.72,69.98
54,53,Sporting CP,Portuguese Liga,1.67,0.66,69.77
55,54,VfB Stuttgart,German Bundesliga,2.13,1.02,69.65
56,60,Osasuna,Spanish Primera Division,1.71,0.7,69.57
57,61,Getafe,Spanish Primera Division,1.53,0.57,69.43
58,56,Young Boys,Swiss Raiffeisen Super League,2.15,1.04,69.3
59,64,SC Freiburg,German Bundesliga,1.93,0.91,68.46
60,57,Southampton,Barclays Premier League,1.76,0.78,68.4
61,63,Rangers,Scottish Premiership,1.91,0.91,68.08
62,62,PSV,Dutch Eredivisie,2.19,1.13,67.99
63,58,Levante,Spanish Primera Division,1.92,0.92,67.94
64,59,Burnley,Barclays Premier League,1.66,0.74,67.42
65,66,Dinamo Zagreb,UEFA Europa League,1.99,1.02,67.08
66,67,Hertha Berlin,German Bundesliga,1.75,0.84,66.67
67,72,Slavia Prague,UEFA Europa League,1.91,0.98,66.56
68,65,Valencia,Spanish Primera Division,1.76,0.88,66.08
69,71,River Plate,Argentina Primera Division,1.74,0.88,65.48
70,68,Fiorentina,Italy Serie A,1.69,0.85,65.3
71,84,Besiktas,Turkish Turkcell Super Lig,1.93,1.06,65.02
72,80,Udinese,Italy Serie A,1.62,0.81,64.9
73,74,Braga,Portuguese Liga,1.81,0.97,64.81
74,70,Alavés,Spanish Primera Division,1.62,0.82,64.68
75,85,Werder Bremen,German Bundesliga,1.66,0.86,64.43
76,89,Strasbourg,French Ligue 1,1.67,0.87,64.4
77,81,Sassuolo,Italy Serie A,1.94,1.1,64.38
78,69,FC Krasnodar,Russian Premier Liga,1.82,1.01,64.21
79,77,Granada,Spanish Primera Division,1.65,0.87,64.18
80,78,Mainz,German Bundesliga,1.87,1.05,64.08
81,82,SD Huesca,Spanish Primera Division,1.65,0.88,63.8
82,83,Lens,French Ligue 1,1.7,0.93,63.61
83,87,AZ,Dutch Eredivisie,2.03,1.21,63.6
84,73,Stade Rennes,French Ligue 1,1.52,0.78,63.49
85,88,Dynamo Kiev,UEFA Europa League,1.83,1.04,63.39
86,75,Galatasaray,Turkish Turkcell Super Lig,1.78,1.0,63.39
87,86,Internacional,Brasileiro Série A,1.57,0.83,63.35
88,76,CSKA Moscow,Russian Premier Liga,1.67,0.91,63.28
89,79,Sheffield United,Barclays Premier League,1.56,0.84,63.1
90,91,Newcastle,Barclays Premier League,1.67,0.92,63.02
91,107,Verona,Italy Serie A,1.65,0.92,62.9
92,90,Torino,Italy Serie A,1.71,0.98,62.62
93,99,Norwich City,English League Championship,1.69,0.97,62.45
94,94,Crystal Palace,Barclays Premier League,1.63,0.93,62.08
95,98,Monterrey,Mexican Primera Division Torneo Clausura,1.67,0.97,62.08
96,96,Guangzhou Evergrande,Chinese Super League,1.87,1.15,61.79
97,97,Bodo/Glimt,Norwegian Tippeligaen,2.33,1.55,61.76
98,93,Marseille,French Ligue 1,1.51,0.85,61.55
99,103,Atletico Mineiro,Brasileiro Série A,1.64,0.97,61.23
100,106,Brentford,English League Championship,1.66,1.0,61.12
101,101,Kawasaki Frontale,Japanese J League,1.93,1.23,61.07
102,105,FC Cologne,German Bundesliga,1.65,1.0,61.02
103,100,Sampdoria,Italy Serie A,1.65,0.99,60.98
104,102,FC Midtjylland,Danish SAS-Ligaen,1.69,1.03,60.86
105,104,PAOK Salonika,Greek Super League,1.47,0.85,60.57
106,109,Bragantino,Brasileiro Série A,1.5,0.88,60.56
107,114,FC Augsburg,German Bundesliga,1.58,0.96,60.45
108,113,Real Valladolid,Spanish Primera Division,1.54,0.92,60.38
109,108,Boca Juniors,Argentina Primera Division,1.47,0.87,60.25
110,92,LASK Linz,Austrian T-Mobile Bundesliga,1.81,1.17,60.17
111,111,Watford,English League Championship,1.54,0.93,60.04
112,95,Spartak Moscow,Russian Premier Liga,1.59,1.0,59.48
113,112,Cadiz,Spanish Primera Division,1.54,0.95,59.48
114,120,Feyenoord,Dutch Eredivisie,1.86,1.24,59.45
115,115,Celtic,Scottish Premiership,1.75,1.15,59.31
116,117,St Etienne,French Ligue 1,1.49,0.92,59.29
117,110,Palmeiras,Brasileiro Série A,1.42,0.86,59.26
118,125,Metz,French Ligue 1,1.41,0.87,58.84
119,119,Bologna,Italy Serie A,1.65,1.09,58.59
120,130,Angers,French Ligue 1,1.42,0.88,58.51
121,118,São Paulo,Brasileiro Série A,1.47,0.93,58.49
122,122,Shanghai SIPG,Chinese Super League,1.69,1.13,58.37
123,123,Beijing Guoan,Chinese Super League,1.76,1.21,58.34
124,121,Brest,French Ligue 1,1.7,1.16,58.11
125,135,Fenerbahce,Turkish Turkcell Super Lig,1.68,1.14,58.09
126,138,Cardiff City,English League Championship,1.65,1.11,57.96
127,116,Bordeaux,French Ligue 1,1.39,0.89,57.67
128,126,Spezia,Italy Serie A,1.63,1.11,57.62
129,124,Montpellier,French Ligue 1,1.72,1.2,57.39
130,132,AEK Athens,Greek Super League,1.52,1.02,57.39
131,129,Espanyol,Spanish Segunda Division,1.44,0.96,57.22
132,150,Sochi,Russian Premier Liga,1.52,1.04,57.07
133,133,Grêmio,Brasileiro Série A,1.5,1.02,57.02
134,128,Arminia Bielefeld,German Bundesliga,1.54,1.06,57.0
135,137,Sparta Prague,UEFA Europa League,1.74,1.25,56.89
136,131,Tigres UANL,Mexican Primera Division Torneo Clausura,1.51,1.03,56.86
137,141,Red Star Belgrade,UEFA Europa League,1.77,1.28,56.79
138,139,Molde,Norwegian Tippeligaen,2.07,1.58,56.42
139,127,Trabzonspor,Turkish Turkcell Super Lig,1.46,1.01,56.36
140,140,Rapid Vienna,Austrian T-Mobile Bundesliga,1.78,1.31,56.31
141,142,Malmo FF,Swedish Allsvenskan,1.73,1.27,56.09
142,147,Reims,French Ligue 1,1.32,0.89,56.02
143,134,Genoa,Italy Serie A,1.44,1.01,55.85
144,143,Cruz Azul,Mexican Primera Division Torneo Clausura,1.51,1.09,55.67
145,144,Nice,French Ligue 1,1.54,1.11,55.65
146,145,Maccabi Tel-Aviv,UEFA Europa League,1.43,1.01,55.6
147,155,Lokomotiv Moscow,Russian Premier Liga,1.45,1.04,55.49
148,146,AFC Bournemouth,English League Championship,1.53,1.12,55.34
149,153,Club América,Mexican Primera Division Torneo Clausura,1.41,1.01,55.3
150,149,West Bromwich Albion,Barclays Premier League,1.55,1.15,55.2
151,148,Basel,Swiss Raiffeisen Super League,1.79,1.37,55.15
152,163,Barnsley,English League Championship,1.36,0.97,55.07
153,136,FC Utrecht,Dutch Eredivisie,1.75,1.34,54.81
154,152,Nantes,French Ligue 1,1.4,1.02,54.6
155,151,Elche,Spanish Primera Division,1.47,1.09,54.58
156,159,Dinamo Moscow,Russian Premier Liga,1.36,0.99,54.43
157,158,Fluminense,Brasileiro Série A,1.32,0.95,54.39
158,168,Cagliari,Italy Serie A,1.52,1.15,54.38
159,166,Lorient,French Ligue 1,1.46,1.1,54.16
160,154,Ferencvaros,UEFA Champions League,1.62,1.26,53.98
161,167,Rostov,Russian Premier Liga,1.43,1.08,53.94
162,160,Velez Sarsfield,Argentina Primera Division,1.22,0.9,53.34
163,161,Hapoel Be'er,UEFA Europa League,1.62,1.29,53.32
164,165,Parma,Italy Serie A,1.51,1.18,53.3
165,157,Santos,Brasileiro Série A,1.39,1.07,53.14
166,223,Clermont Foot,French Ligue 2,1.34,1.04,52.8
167,164,CSKA Sofia,UEFA Europa League,1.32,1.02,52.77
168,162,Stoke City,English League Championship,1.35,1.06,52.35
169,197,Rubin Kazan,Russian Premier Liga,1.23,0.96,52.22
170,169,KAA Gent,Belgian Jupiler League,1.46,1.19,52.11
171,171,Atlético Paranaense,Brasileiro Série A,1.22,0.95,51.92
172,183,Genk,Belgian Jupiler League,1.73,1.47,51.84
173,172,Defensa y Justicia,Argentina Primera Division,1.28,1.02,51.81
174,177,Mallorca,Spanish Segunda Division,1.23,0.97,51.66
175,173,Corinthians,Brasileiro Série A,1.3,1.04,51.6
176,156,Benevento,Italy Serie A,1.45,1.2,51.56
177,175,FC Copenhagen,Danish SAS-Ligaen,1.7,1.46,51.47
178,185,Guimaraes,Portuguese Liga,1.34,1.1,51.44
179,178,Jiangsu Suning FC,Chinese Super League,1.5,1.26,51.28
180,191,Toulouse,French Ligue 2,1.56,1.32,51.28
181,202,Anderlecht,Belgian Jupiler League,1.28,1.05,51.12
182,190,Swansea City,English League Championship,1.31,1.08,51.07
183,174,Brondby,Danish SAS-Ligaen,1.51,1.28,51.06
184,170,Ceará,Brasileiro Série A,1.37,1.14,51.02
185,182,Los Angeles FC,Major League Soccer,1.78,1.55,50.97
186,184,Philadelphia Union,Major League Soccer,1.6,1.38,50.91
187,187,CFR 1907 Cluj,UEFA Europa League,1.47,1.25,50.79
188,189,New York City FC,Major League Soccer,1.67,1.46,50.69
189,208,Middlesbrough,English League Championship,1.32,1.1,50.65
190,193,Millwall,English League Championship,1.26,1.05,50.56
191,181,Schalke 04,German Bundesliga,1.53,1.33,50.39
192,176,Pacos Ferreira,Portuguese Liga,1.29,1.09,50.35
193,195,Ludogorets,UEFA Europa League,1.54,1.35,50.16
194,192,Reading,English League Championship,1.25,1.07,49.95
195,186,AGF Aarhus,Danish SAS-Ligaen,1.42,1.24,49.94
196,180,Blackburn,English League Championship,1.37,1.19,49.87
197,196,Lech Poznan,UEFA Europa League,1.34,1.16,49.84
198,198,Shandong Luneng,Chinese Super League,1.6,1.43,49.81
199,179,Antwerp,Belgian Jupiler League,1.45,1.28,49.66
200,203,Nimes,French Ligue 1,1.41,1.25,49.54
201,199,CA Independiente,Argentina Primera Division,1.2,1.04,49.46
202,188,Queens Park Rangers,English League Championship,1.36,1.21,49.18
203,207,Bahía,Brasileiro Série A,1.37,1.23,48.98
204,219,Hatayspor,Turkish Turkcell Super Lig,1.47,1.33,48.8
205,200,Santos Laguna,Mexican Primera Division Torneo Clausura,1.34,1.21,48.64
206,205,Newell's Old Boys,Argentina Primera Division,1.24,1.11,48.58
207,218,Vitesse,Dutch Eredivisie,1.49,1.37,48.49
208,194,Alanyaspor,Turkish Turkcell Super Lig,1.36,1.24,48.44
209,206,Racing Club,Argentina Primera Division,1.18,1.06,48.4
210,211,Seattle Sounders FC,Major League Soccer,1.43,1.33,48.14
211,225,SK Sturm Graz,Austrian T-Mobile Bundesliga,1.39,1.3,47.85
212,213,FK Qarabag,UEFA Europa League,1.32,1.23,47.77
213,214,Nottingham Forest,English League Championship,1.12,1.02,47.74
214,216,Panathinaikos,Greek Super League,1.08,0.98,47.54
215,215,Rotherham United,English League Championship,1.32,1.25,47.13
216,201,León,Mexican Primera Division Torneo Clausura,1.36,1.3,47.07
217,209,Hamburg SV,German 2. Bundesliga,1.46,1.42,46.74
218,222,St Gallen,Swiss Raiffeisen Super League,1.5,1.46,46.65
219,217,Portimonense,Portuguese Liga,1.21,1.17,46.61
220,224,Rio Ave,Portuguese Liga,1.16,1.11,46.49
221,233,Santa Clara,Portuguese Liga,1.22,1.18,46.45
222,204,Wolfsberger AC,Austrian T-Mobile Bundesliga,1.41,1.38,46.31
223,245,Almeria,Spanish Segunda Division,1.3,1.28,46.16
224,210,Derby County,English League Championship,1.11,1.08,46.1
225,212,Standard Liege,Belgian Jupiler League,1.45,1.44,46.06
226,230,FC Khimki,Russian Premier Liga,1.36,1.36,45.88
227,228,Guadalajara,Mexican Primera Division Torneo Clausura,1.35,1.35,45.84
228,221,Dijon FCO,French Ligue 1,1.21,1.2,45.72
229,229,Lanus,Argentina Primera Division,1.28,1.27,45.68
230,236,Atlético Goianiense,Brasileiro Série A,1.2,1.19,45.65
231,244,Ural Sverdlovsk Oblast,Russian Premier Liga,1.2,1.2,45.54
232,227,Fortaleza,Brasileiro Série A,1.13,1.12,45.45
233,232,Omonia Nicosia,UEFA Europa League,1.41,1.43,45.33
234,241,FC Twente,Dutch Eredivisie,1.38,1.41,45.17
235,234,New England Revolution,Major League Soccer,1.4,1.43,45.11
236,248,KV Oostende,Belgian Jupiler League,1.39,1.43,45.06
237,220,Crotone,Italy Serie A,1.39,1.42,45.0
238,226,Pachuca,Mexican Primera Division Torneo Clausura,1.26,1.29,44.96
239,239,FC Zorya Luhansk,UEFA Europa League,1.27,1.29,44.92
240,235,Gazisehir Gaziantep,Turkish Turkcell Super Lig,1.24,1.27,44.89
241,260,Troyes,French Ligue 2,1.16,1.18,44.87
242,240,Talleres de Córdoba,Argentina Primera Division,1.21,1.23,44.82
243,242,Yokohama F. Marinos,Japanese J League,1.72,1.8,44.62
244,261,FK Austria Vienna,Austrian T-Mobile Bundesliga,1.31,1.36,44.58
245,231,Sporting de Charleroi,Belgian Jupiler League,1.36,1.41,44.52
246,250,Preston North End,English League Championship,1.16,1.19,44.42
247,238,Terek Grozny,Russian Premier Liga,1.09,1.13,44.12
248,257,SC Farense,Portuguese Liga,1.2,1.26,44.11
249,247,Djurgardens IF,Swedish Allsvenskan,1.3,1.37,44.07
250,246,Sivasspor,Turkish Turkcell Super Lig,1.17,1.23,43.91
251,251,Aris Salonika,Greek Super League,1.32,1.4,43.8
252,252,FC Lugano,Swiss Raiffeisen Super League,1.19,1.26,43.7
253,266,FC Nordsjaelland,Danish SAS-Ligaen,1.37,1.47,43.48
254,275,Tijuana,Mexican Primera Division Torneo Clausura,1.25,1.35,43.34
255,237,FC Groningen,Dutch Eredivisie,1.15,1.24,43.34
256,255,FC Luzern,Swiss Raiffeisen Super League,1.4,1.52,43.29
257,243,Leganes,Spanish Segunda Division,1.09,1.17,43.25
258,298,Atlas,Mexican Primera Division Torneo Clausura,1.1,1.19,43.19
259,256,Boavista,Portuguese Liga,1.14,1.24,43.0
260,259,Kashima Antlers,Japanese J League,1.27,1.39,42.93
261,262,Argentinos Juniors,Argentina Primera Division,1.0,1.08,42.87
262,267,Rosario Central,Argentina Primera Division,1.15,1.27,42.73
263,258,Coventry City,English League Championship,1.15,1.26,42.63
264,268,Estudiantes,Argentina Primera Division,1.0,1.1,42.6
265,272,FC Zurich,Swiss Raiffeisen Super League,1.42,1.59,42.29
266,263,Famalicao,Portuguese Liga,1.06,1.18,42.27
267,287,Belenenses,Portuguese Liga,0.97,1.07,42.21
268,254,Gil Vicente,Portuguese Liga,1.09,1.22,42.14
269,274,Portland Timbers,Major League Soccer,1.47,1.65,42.13
270,264,Randers FC,Danish SAS-Ligaen,1.2,1.34,42.1
271,269,Heracles,Dutch Eredivisie,1.23,1.39,42.07
272,293,SV Zulte Waregem,Belgian Jupiler League,1.45,1.64,42.0
273,305,Tondela,Portuguese Liga,1.2,1.36,41.82
274,276,Arsenal Sarandi,Argentina Primera Division,1.28,1.45,41.78
275,273,Luton Town,English League Championship,1.09,1.24,41.72
276,307,SpVgg Greuther Fürth,German 2. Bundesliga,1.25,1.43,41.69
277,316,VfL Bochum,German 2. Bundesliga,1.28,1.45,41.68
278,278,Rosenborg,Norwegian Tippeligaen,1.34,1.53,41.66
279,282,Goztepe,Turkish Turkcell Super Lig,1.21,1.38,41.64
280,253,Sparta,Dutch Eredivisie,1.39,1.58,41.63
281,332,Puebla,Mexican Primera Division Torneo Clausura,1.06,1.21,41.56
282,249,Huddersfield Town,English League Championship,1.21,1.39,41.5
283,279,Tianjin Teda,Chinese Super League,1.28,1.47,41.44
284,306,Botafogo,Brasileiro Série A,1.22,1.4,41.35
285,283,Sporting Kansas City,Major League Soccer,1.36,1.57,41.31
286,280,Holstein Kiel,German 2. Bundesliga,1.23,1.42,41.3
287,270,KV Mechelen,Belgian Jupiler League,1.33,1.53,41.24
288,285,Atlético Tucumán,Argentina Primera Division,1.07,1.24,41.23
289,304,Maritimo,Portuguese Liga,1.07,1.24,41.21
290,271,Hannover 96,German 2. Bundesliga,1.21,1.4,41.21
291,286,Chicago Fire,Major League Soccer,1.48,1.72,41.16
292,297,Vasco da Gama,Brasileiro Série A,1.08,1.26,41.12
293,288,Minnesota United FC,Major League Soccer,1.42,1.65,41.11
294,318,Fatih Karagümrük,Turkish Turkcell Super Lig,1.29,1.5,41.07
295,290,Dundalk,UEFA Europa League,1.48,1.72,41.02
296,294,San Lorenzo,Argentina Primera Division,1.14,1.33,40.96
297,284,Toluca,Mexican Primera Division Torneo Clausura,1.2,1.41,40.87
298,289,Konyaspor,Turkish Turkcell Super Lig,1.18,1.38,40.87
299,322,Birmingham,English League Championship,1.05,1.23,40.84
300,296,Columbus Crew,Major League Soccer,1.28,1.5,40.81
301,292,Pumas Unam,Mexican Primera Division Torneo Clausura,1.1,1.3,40.61
302,277,Moreirense,Portuguese Liga,1.09,1.28,40.59
303,300,Orlando City SC,Major League Soccer,1.32,1.56,40.56
304,302,Inter Miami CF,Major League Soccer,1.28,1.51,40.49
305,295,FC Ufa,Russian Premier Liga,0.94,1.12,40.46
306,265,FC Arsenal Tula,Russian Premier Liga,1.12,1.34,40.36
307,303,Sport Recife,Brasileiro Série A,1.05,1.25,40.35
308,308,Patronato,Argentina Primera Division,1.2,1.43,40.35
309,309,Gimnasia La Plata,Argentina Primera Division,0.98,1.17,40.3
310,312,IFK Norrkoping,Swedish Allsvenskan,1.53,1.82,40.17
311,310,Fortuna Düsseldorf,German 2. Bundesliga,1.2,1.44,40.15
312,299,Rayo Vallecano,Spanish Segunda Division,1.11,1.34,40.04
313,314,Colorado Rapids,Major League Soccer,1.37,1.65,39.89
314,315,Slovan Liberec,UEFA Europa League,1.19,1.44,39.87
315,328,SC Paderborn,German 2. Bundesliga,1.19,1.44,39.79
316,325,Sporting Gijón,Spanish Segunda Division,0.85,1.03,39.75
317,281,Atlético San Luis,Mexican Primera Division Torneo Clausura,1.19,1.45,39.68
318,311,Goiás,Brasileiro Série A,1.17,1.43,39.68
319,317,Toronto FC,Major League Soccer,1.29,1.57,39.67
320,319,Banfield,Argentina Primera Division,0.98,1.2,39.66
321,338,Odense BK,Danish SAS-Ligaen,1.11,1.35,39.63
322,321,Rijeka,UEFA Europa League,1.28,1.56,39.55
323,291,Auxerre,French Ligue 2,1.13,1.39,39.53
324,323,Arizona United,United Soccer League,1.48,1.8,39.5
325,324,FC Dallas,Major League Soccer,1.27,1.55,39.47
326,326,Kashiwa Reysol,Japanese J League,1.26,1.55,39.36
327,327,Servette,Swiss Raiffeisen Super League,1.2,1.48,39.3
328,320,C.D. Nacional,Portuguese Liga,1.1,1.37,39.23
329,354,OH Leuven,Belgian Jupiler League,1.31,1.62,39.19
330,329,Union Santa Fe,Argentina Primera Division,1.0,1.25,39.16
331,341,Fortuna Sittard,Dutch Eredivisie,1.3,1.61,39.08
332,331,Asteras Tripolis,Greek Super League,1.04,1.3,39.02
333,313,Heerenveen,Dutch Eredivisie,1.4,1.73,39.02
334,330,Istanbul Basaksehir,Turkish Turkcell Super Lig,1.25,1.55,38.97
335,333,BK Hacken,Swedish Allsvenskan,1.07,1.34,38.97
336,371,Hartberg,Austrian T-Mobile Bundesliga,1.22,1.53,38.87
337,350,PEC Zwolle,Dutch Eredivisie,1.27,1.59,38.84
338,335,New York Red Bulls,Major League Soccer,1.3,1.63,38.83
339,301,Monza,Italy Serie B,1.07,1.35,38.74
340,356,Grenoble,French Ligue 2,0.96,1.21,38.69
341,339,Shanghai Greenland,Chinese Super League,1.34,1.68,38.68
342,337,WSG Swarovski Wattens,Austrian T-Mobile Bundesliga,1.29,1.62,38.63
343,346,Sheffield Wednesday,English League Championship,1.04,1.32,38.61
344,387,Empoli,Italy Serie B,1.2,1.52,38.56
345,340,Henan Jianye,Chinese Super League,1.25,1.57,38.55
346,343,FC Sion,Swiss Raiffeisen Super League,1.2,1.54,38.25
347,344,Hebei China Fortune FC,Chinese Super League,1.29,1.65,38.14
348,374,Hull City,English League One,1.12,1.44,38.13
349,345,Mamelodi Sundowns,South African ABSA Premier League,0.98,1.26,38.09
350,348,Huracán,Argentina Primera Division,0.95,1.24,37.93
351,349,Hammarby,Swedish Allsvenskan,1.48,1.89,37.89
352,336,KV Kortrijk,Belgian Jupiler League,1.17,1.51,37.84
353,334,Necaxa,Mexican Primera Division Torneo Clausura,1.09,1.42,37.8
354,351,Valerenga,Norwegian Tippeligaen,1.18,1.53,37.74
355,358,Karlsruher SC,German 2. Bundesliga,1.22,1.59,37.69
356,353,Wuhan Zall,Chinese Super League,1.17,1.53,37.62
357,355,Cerezo Osaka,Japanese J League,0.97,1.28,37.56
358,357,Nagoya Grampus Eight,Japanese J League,0.9,1.2,37.55
359,359,Atlanta United FC,Major League Soccer,1.11,1.46,37.41
360,388,FK Volgograd,Russian Premier Liga,0.99,1.32,37.4
361,361,Atromitos,Greek Super League,1.0,1.33,37.25
362,352,Antalyaspor,Turkish Turkcell Super Lig,0.92,1.23,37.24
363,362,Central Córdoba Santiago del Estero,Argentina Primera Division,1.0,1.34,37.16
364,391,Eupen,Belgian Jupiler League,1.14,1.52,37.13
365,366,Lausanne Sports,Swiss Raiffeisen Super League,1.14,1.53,36.93
366,368,Nashville SC,Major League Soccer,0.99,1.33,36.92
367,372,Dalian Aerbin,Chinese Super League,1.29,1.73,36.66
368,363,AaB,Danish SAS-Ligaen,1.09,1.49,36.48
369,373,Kaizer Chiefs,South African ABSA Premier League,1.01,1.39,36.44
370,365,KFCO Beerschot-Wilrijk,Belgian Jupiler League,1.33,1.78,36.35
371,375,Houston Dynamo,Major League Soccer,1.28,1.73,36.3
372,364,Sunderland,English League One,1.07,1.46,36.26
373,377,Girona FC,Spanish Segunda Division,0.87,1.21,36.26
374,381,1. FC Heidenheim 1846,German 2. Bundesliga,1.12,1.54,36.19
375,369,Yeni Malatyaspor,Turkish Turkcell Super Lig,1.09,1.51,36.12
376,380,Sanfrecce Hiroshima,Japanese J League,0.91,1.28,36.03
377,396,Melbourne City,Australian A-League,1.25,1.7,35.97
378,370,Wycombe Wanderers,English League Championship,1.11,1.54,35.89
379,347,St. Truidense,Belgian Jupiler League,1.12,1.55,35.88
380,342,Hibernian,Scottish Premiership,1.04,1.45,35.84
381,390,Real Oviedo,Spanish Segunda Division,0.97,1.37,35.79
382,386,San Jose Earthquakes,Major League Soccer,1.29,1.78,35.71
383,395,Sochaux,French Ligue 2,0.92,1.31,35.65
384,360,St. Pölten,Austrian T-Mobile Bundesliga,1.21,1.68,35.55
385,389,IF Elfsborg,Swedish Allsvenskan,1.2,1.68,35.41
386,383,Kasimpasa,Turkish Turkcell Super Lig,1.18,1.65,35.38
387,367,Querétaro,Mexican Primera Division Torneo Clausura,1.06,1.5,35.24
388,408,Tenerife,Spanish Segunda Division,0.86,1.24,35.24
389,376,FC Juárez,Mexican Primera Division Torneo Clausura,1.11,1.58,35.2
390,384,Coritiba,Brasileiro Série A,0.97,1.4,35.13
391,378,Peterborough United,English League One,1.06,1.51,35.1
392,392,OFI Crete,Greek Super League,1.06,1.52,34.85
393,393,Chongqing Lifan,Chinese Super League,1.08,1.56,34.78
394,402,Mirandes,Spanish Segunda Division,0.88,1.31,34.56
395,394,Fuenlabrada,Spanish Segunda Division,0.91,1.35,34.54
396,412,FC St. Pauli,German 2. Bundesliga,1.24,1.78,34.42
397,397,Viking FK,Norwegian Tippeligaen,1.35,1.92,34.4
398,399,Bristol City,English League Championship,1.14,1.65,34.31
399,398,Los Angeles Galaxy,Major League Soccer,1.27,1.83,34.26
400,422,Paris FC,French Ligue 2,0.98,1.47,33.97
401,385,Amiens,French Ligue 2,0.81,1.24,33.93
402,400,Lecce,Italy Serie B,1.05,1.57,33.91
403,382,FC Tambov,Russian Premier Liga,0.98,1.48,33.82
404,403,Gamba Osaka,Japanese J League,1.02,1.53,33.76
405,404,Guangzhou RF,Chinese Super League,1.44,2.07,33.73
406,405,Orlando Pirates,South African ABSA Premier League,0.98,1.48,33.73
407,407,FC Tokyo,Japanese J League,0.93,1.41,33.7
408,409,Real Salt Lake,Major League Soccer,1.0,1.51,33.64
409,410,Aldosivi,Argentina Primera Division,0.86,1.33,33.63
410,427,Mazatlán FC,Mexican Primera Division Torneo Clausura,0.99,1.5,33.53
411,411,Tianjin Quanujian,Chinese Super League,1.16,1.73,33.51
412,413,AIK,Swedish Allsvenskan,0.87,1.36,33.28
413,406,SV Darmstadt 98,German 2. Bundesliga,1.14,1.72,33.23
414,416,Kristiansund BK,Norwegian Tippeligaen,1.27,1.88,33.18
415,418,SD Ponferradina,Spanish Segunda Division,0.85,1.33,33.11
416,379,Sonderjyske,Danish SAS-Ligaen,1.11,1.7,32.83
417,401,Sydney FC,Australian A-League,1.1,1.69,32.69
418,419,Shenzhen FC,Chinese Super League,1.19,1.81,32.64
419,438,SV Sandhausen,German 2. Bundesliga,1.11,1.72,32.47
420,414,Caykur Rizespor,Turkish Turkcell Super Lig,1.06,1.65,32.4
421,421,Louisville City FC,United Soccer League,1.08,1.69,32.24
422,433,Cercle Brugge,Belgian Jupiler League,1.01,1.6,32.17
423,423,Mjallby,Swedish Allsvenskan,1.17,1.82,32.08
424,420,Jahn Regensburg,German 2. Bundesliga,0.99,1.6,31.72
425,439,Western United,Australian A-League,1.26,1.96,31.65
426,426,Perth Glory,Australian A-League,1.19,1.87,31.6
427,436,Ankaragucu,Turkish Turkcell Super Lig,1.07,1.72,31.56
428,417,Lugo,Spanish Segunda Division,0.87,1.45,31.49
429,425,RKC,Dutch Eredivisie,1.02,1.66,31.48
430,430,Reno 1868 FC,United Soccer League,1.27,2.0,31.38
431,431,Consadole Sapporo,Japanese J League,1.09,1.76,31.31
432,456,Willem II,Dutch Eredivisie,1.21,1.92,31.23
433,424,1. FC Nürnberg,German 2. Bundesliga,0.98,1.62,31.09
434,465,AS Nancy Lorraine,French Ligue 2,0.96,1.6,31.07
435,428,Livingston,Scottish Premiership,0.96,1.59,31.02
436,434,SV Ried,Austrian T-Mobile Bundesliga,1.02,1.69,30.97
437,444,Kayserispor,Turkish Turkcell Super Lig,0.84,1.44,30.9
438,437,IFK Goteborg,Swedish Allsvenskan,0.93,1.56,30.77
439,429,Málaga,Spanish Segunda Division,0.75,1.32,30.73
440,449,Chievo Verona,Italy Serie B,0.82,1.42,30.67
441,435,Vejle,Danish SAS-Ligaen,0.96,1.63,30.58
442,452,Mouscron-Peruwelz,Belgian Jupiler League,0.96,1.62,30.54
443,489,Castellon,Spanish Segunda Division,0.93,1.59,30.27
444,445,Vissel Kobe,Japanese J League,1.17,1.92,30.22
445,446,Tampa Bay Rowdies,United Soccer League,0.96,1.64,30.21
446,415,Las Palmas,Spanish Segunda Division,0.87,1.51,30.19
447,448,Montreal Impact,Major League Soccer,1.13,1.88,30.18
448,451,Panetolikos,Greek Super League,0.86,1.51,30.07
449,453,Colon Santa Fe,Argentina Primera Division,0.83,1.48,29.95
450,432,Valenciennes,French Ligue 2,0.89,1.57,29.84
451,443,CD Sabadell,Spanish Segunda Division,0.78,1.42,29.83
452,455,Godoy Cruz,Argentina Primera Division,0.94,1.64,29.76
453,440,VVV Venlo,Dutch Eredivisie,1.24,2.05,29.7
454,457,SuperSport United,South African ABSA Premier League,0.81,1.46,29.64
455,441,Cittadella,Italy Serie B,0.9,1.59,29.6
456,459,Odd BK,Norwegian Tippeligaen,1.18,1.99,29.43
457,454,Aberdeen,Scottish Premiership,0.75,1.39,29.43
458,460,Erzurumspor,Turkish Turkcell Super Lig,0.9,1.61,29.31
459,462,Pittsburgh Riverhounds,United Soccer League,0.91,1.64,28.95
460,470,Cremonese,Italy Serie B,0.9,1.63,28.94
461,447,Portsmouth,English League One,0.89,1.62,28.91
462,490,Emmen,Dutch Eredivisie,1.0,1.78,28.74
463,461,Real Zaragoza,Spanish Segunda Division,0.69,1.34,28.74
464,482,FC Cartagena,Spanish Segunda Division,0.9,1.64,28.65
465,467,FC Vaduz,Swiss Raiffeisen Super League,0.88,1.62,28.65
466,464,Stabaek,Norwegian Tippeligaen,0.95,1.72,28.65
467,469,Doncaster Rovers,English League One,1.05,1.86,28.55
468,468,Bidvest Wits,South African ABSA Premier League,0.74,1.44,28.42
469,472,AC Ajaccio,French Ligue 2,0.71,1.39,28.24
470,471,Larissa,Greek Super League,0.7,1.38,28.18
471,480,Rodez,French Ligue 2,0.74,1.44,28.15
472,442,Spal,Italy Serie B,0.89,1.67,28.08
473,473,Urawa Red Diamonds,Japanese J League,0.92,1.71,28.07
474,474,Orebro SK,Swedish Allsvenskan,0.97,1.79,28.06
475,477,Varbergs BoIS FC,Swedish Allsvenskan,0.99,1.82,28.0
476,494,Cashpoint SC Rheindorf Altach,Austrian T-Mobile Bundesliga,0.98,1.8,27.99
477,481,San Antonio FC,United Soccer League,1.03,1.88,27.84
478,497,Brescia,Italy Serie B,1.01,1.87,27.58
479,483,Lamia,Greek Super League,0.55,1.18,27.53
480,458,Caen,French Ligue 2,0.81,1.59,27.37
481,486,St Johnstone,Scottish Premiership,0.83,1.62,27.3
482,475,Oxford United,English League One,0.84,1.64,27.3
483,450,Guingamp,French Ligue 2,0.89,1.71,27.24
484,478,F.B.C Unione Venezia,Italy Serie B,0.8,1.58,27.21
485,488,DC United,Major League Soccer,1.02,1.91,27.15
486,476,Waasland-Beveren,Belgian Jupiler League,1.0,1.89,26.97
487,492,Guizhou Renhe,Chinese Super League,0.94,1.82,26.81
488,485,Denizlispor,Turkish Turkcell Super Lig,0.85,1.68,26.76
489,504,Macarthur FC,Australian A-League,0.92,1.8,26.64
490,466,Newcastle Jets,Australian A-League,0.9,1.77,26.58
491,496,Sagan Tosu,Japanese J League,0.76,1.57,26.58
492,495,Erzgebirge Aue,German 2. Bundesliga,0.89,1.76,26.51
493,487,AD Alcorcon,Spanish Segunda Division,0.63,1.37,26.46
494,514,Blackpool,English League One,0.74,1.55,26.44
495,502,Frosinone,Italy Serie B,0.81,1.65,26.34
496,498,Shimizu S-Pulse,Japanese J League,1.1,2.07,26.28
497,484,Pordenone Calcio,Italy Serie B,0.74,1.56,26.08
498,506,Wellington Phoenix,Australian A-League,0.98,1.93,26.01
499,503,Albacete,Spanish Segunda Division,0.61,1.36,25.88
500,500,FC Xanthi,Greek Super League,0.58,1.33,25.81
501,501,Haugesund,Norwegian Tippeligaen,0.98,1.94,25.79
502,499,St Mirren,Scottish Premiership,0.68,1.48,25.68
503,479,Western Sydney FC,Australian A-League,1.01,2.0,25.59
504,507,Oita Trinita,Japanese J League,0.69,1.52,25.51
505,509,Genclerbirligi,Turkish Turkcell Super Lig,0.85,1.77,25.47
506,463,Le Havre,French Ligue 2,0.63,1.43,25.37
507,528,Ipswich Town,English League One,0.67,1.5,25.33
508,493,Lincoln City,English League One,0.85,1.78,25.29
509,491,Würzburger Kickers,German 2. Bundesliga,0.89,1.84,25.29
510,510,Salernitana,Italy Serie B,0.76,1.64,25.28
511,542,Lyngby,Danish SAS-Ligaen,0.93,1.9,25.17
512,529,AC Horsens,Danish SAS-Ligaen,0.73,1.62,24.87
513,519,ADO Den Haag,Dutch Eredivisie,0.93,1.93,24.87
514,526,Adelaide United,Australian A-League,1.05,2.1,24.86
515,508,Niort,French Ligue 2,0.83,1.78,24.84
516,527,Central Coast Mariners,Australian A-League,0.98,2.0,24.75
517,515,Reggina,Italy Serie B,0.75,1.67,24.68
518,513,Pisa,Italy Serie B,0.79,1.72,24.68
519,530,Melbourne Victory,Australian A-League,0.99,2.04,24.57
520,517,FC Trenkwalder Admira,Austrian T-Mobile Bundesliga,0.96,2.0,24.46
521,512,Milton Keynes Dons,English League One,0.95,1.99,24.31
522,518,Black Aces,South African ABSA Premier League,0.81,1.78,24.28
523,522,Eintracht Braunschweig,German 2. Bundesliga,0.75,1.69,24.26
524,505,VfL Osnabruck,German 2. Bundesliga,0.8,1.77,24.14
525,511,Brisbane Roar,Australian A-League,0.85,1.85,24.11
526,520,Maritzburg Utd,South African ABSA Premier League,0.56,1.39,24.05
527,548,Pau,French Ligue 2,0.72,1.67,23.86
528,516,Logrones,Spanish Segunda Division,0.65,1.55,23.83
529,521,SK Brann,Norwegian Tippeligaen,0.87,1.91,23.79
530,539,Vicenza,Italy Serie B,0.73,1.69,23.77
531,523,Sacramento Republic FC,United Soccer League,0.8,1.8,23.75
532,524,FC Cincinnati,Major League Soccer,0.75,1.72,23.73
533,525,IK Sirius,Swedish Allsvenskan,0.94,2.02,23.7
534,531,Vegalta Sendai,Japanese J League,0.8,1.81,23.52
535,533,Helsingborgs IF,Swedish Allsvenskan,0.83,1.88,23.31
536,534,Vancouver Whitecaps,Major League Soccer,0.84,1.9,23.13
537,557,Motherwell,Scottish Premiership,0.76,1.79,23.04
538,535,New Mexico United,United Soccer League,0.81,1.88,22.97
539,536,Dundee Utd,Scottish Premiership,0.76,1.79,22.95
540,540,Bloem Celtic,South African ABSA Premier League,0.8,1.9,22.37
541,554,Fleetwood Town,English League One,0.6,1.58,22.32
542,544,Sarpsborg,Norwegian Tippeligaen,0.68,1.72,22.04
543,545,Stromsgodset,Norwegian Tippeligaen,0.96,2.17,22.01
544,546,Orange County SC,United Soccer League,0.77,1.88,21.91
545,547,El Paso Locomotive FC,United Soccer League,0.66,1.7,21.89
546,549,Panionios,Greek Super League,0.51,1.45,21.84
547,543,Accrington Stanley,English League One,0.74,1.83,21.83
548,532,Charlton Athletic,English League One,0.81,1.96,21.7
549,550,Austin Bold FC,United Soccer League,0.94,2.16,21.69
550,541,Dunkerque,French Ligue 2,0.59,1.6,21.66
551,559,Gillingham,English League One,0.77,1.89,21.65
552,551,Charleston Battery,United Soccer League,0.74,1.86,21.6
553,555,Volos NFC,Greek Super League,0.65,1.73,21.22
554,556,San Diego Loyal SC,United Soccer League,0.7,1.82,21.09
555,537,Shrewsbury Town,English League One,0.66,1.76,21.05
556,538,Cosenza,Italy Serie B,0.66,1.77,20.87
557,558,Indy Eleven,United Soccer League,0.68,1.84,20.5
558,552,Chambly Thelle FC,French Ligue 2,0.74,1.94,20.35
559,560,Hamilton Academical,Scottish Premiership,0.75,1.95,20.35
560,561,Shonan Bellmare,Japanese J League,0.58,1.68,20.11
561,562,Birmingham Legion FC,United Soccer League,0.84,2.15,19.81
562,564,Yokohama FC,Japanese J League,0.68,1.89,19.6
563,553,Chateauroux,French Ligue 2,0.64,1.83,19.51
564,565,Kilmarnock,Scottish Premiership,0.59,1.75,19.48
565,566,Sandefjord,Norwegian Tippeligaen,0.6,1.78,19.39
566,567,Ascoli,Italy Serie B,0.6,1.78,19.34
567,577,Crewe Alexandra,English League One,0.7,1.95,19.32
568,568,Highlands Park FC,South African ABSA Premier League,0.57,1.75,18.95
569,572,Plymouth Argyle,English League One,0.76,2.12,18.59
570,571,Miami FC,United Soccer League,0.83,2.25,18.46
571,579,US Pescara,Italy Serie B,0.53,1.72,18.36
572,573,Falkenbergs FF,Swedish Allsvenskan,0.74,2.11,18.32
573,570,Virtus Entella,Italy Serie B,0.64,1.92,18.25
574,574,Kalmar FF,Swedish Allsvenskan,0.6,1.86,18.23
575,576,Saint Louis FC,United Soccer League,0.64,1.94,18.03
576,578,Östersunds FK,Swedish Allsvenskan,0.65,1.97,17.92
577,569,Salford City,English League Two,0.5,1.71,17.88
578,575,Reggiana,Italy Serie B,0.57,1.84,17.79
579,580,IK Start,Norwegian Tippeligaen,0.67,2.04,17.68
580,563,Exeter City,English League Two,0.7,2.1,17.49
581,581,Golden Arrows,South African ABSA Premier League,0.43,1.63,17.14
582,582,Mjondalen,Norwegian Tippeligaen,0.55,1.86,17.02
583,587,Burton Albion,English League One,0.73,2.21,16.88
584,583,Charlotte Independence,United Soccer League,0.66,2.09,16.87
585,584,North Carolina FC,United Soccer League,0.65,2.09,16.69
586,586,LA Galaxy II,United Soccer League,0.84,2.45,16.26
587,594,Cheltenham Town,English League Two,0.42,1.7,15.96
588,597,Tranmere Rovers,English League Two,0.61,2.07,15.94
589,585,Ross County,Scottish Premiership,0.6,2.06,15.92
590,596,Bolton,English League Two,0.55,1.99,15.58
591,589,Polokwane City FC,South African ABSA Premier League,0.47,1.84,15.52
592,590,Tulsa Roughnecks,United Soccer League,0.62,2.14,15.51
593,591,Swindon Town,English League One,0.65,2.2,15.43
594,593,Memphis 901 FC,United Soccer League,0.74,2.37,15.25
595,595,Oldham Athletic,English League Two,0.79,2.51,14.91
596,588,Rochdale,English League One,0.65,2.32,14.02
597,598,Chippa United,South African ABSA Premier League,0.26,1.54,13.92
598,604,Bradford City,English League Two,0.42,1.88,13.92
599,599,Hartford Athletic,United Soccer League,0.66,2.37,13.84
600,601,AmaZulu,South African ABSA Premier League,0.31,1.68,13.48
601,602,Real Monarchs SLC,United Soccer League,0.56,2.22,13.33
602,603,Las Vegas Lights FC,United Soccer League,0.67,2.44,13.32
603,592,Forest Green Rovers,English League Two,0.48,2.08,13.23
604,607,Baroka FC,South African ABSA Premier League,0.24,1.57,12.84
605,611,Morecambe,English League Two,0.5,2.17,12.68
606,606,Wigan,English League One,0.56,2.31,12.6
607,608,Tacoma Defiance,United Soccer League,0.65,2.49,12.51
608,609,Portland Timbers 2,United Soccer League,0.79,2.78,12.37
609,613,Bristol Rovers,English League One,0.45,2.11,12.32
610,610,Stellenbosch FC,South African ABSA Premier League,0.35,1.89,12.29
611,600,Carlisle United,English League Two,0.46,2.13,12.28
612,605,Cambridge United,English League Two,0.36,1.93,12.08
613,614,Black Leopards,South African ABSA Premier League,0.39,2.03,11.75
614,615,Swope Park Rangers,United Soccer League,0.62,2.56,11.56
615,612,Mansfield Town,English League Two,0.45,2.2,11.49
616,618,Colorado Springs Switchbacks FC,United Soccer League,0.47,2.27,11.15
617,619,Crawley Town,English League Two,0.45,2.24,11.1
618,616,Leyton Orient,English League Two,0.33,2.0,10.78
619,617,AFC Wimbledon,English League One,0.43,2.26,10.66
620,621,Aalesund,Norwegian Tippeligaen,0.59,2.64,10.37
621,627,Northampton Town,English League One,0.32,2.05,10.34
622,622,Oklahoma City Energy FC,United Soccer League,0.42,2.3,10.16
623,623,New York Red Bulls II,United Soccer League,0.64,2.79,10.04
624,624,Rio Grande Valley FC Toros,United Soccer League,0.47,2.42,10.01
625,625,Atlanta United 2,United Soccer League,0.57,2.67,9.86
626,630,Stevenage,English League Two,0.2,1.83,9.56
627,620,Port Vale,English League Two,0.4,2.32,9.52
628,629,Scunthorpe,English League Two,0.3,2.18,8.84
629,626,Walsall,English League Two,0.29,2.2,8.62
630,631,Newport County,English League Two,0.2,1.97,8.47
631,632,Colchester United,English League Two,0.26,2.18,8.24
632,628,Barrow,English League Two,0.26,2.19,8.03
633,633,Harrogate Town,English League Two,0.23,2.11,8.03
634,634,Southend United,English League Two,0.2,2.18,7.09
635,635,Loudoun United FC,United Soccer League,0.34,2.65,6.51
636,636,Bethlehem Steel FC,United Soccer League,0.41,2.99,5.78
637,637,Grimsby Town,English League Two,0.2,2.45,5.58
